{
    "version": "0.4",
    "title": "Blog",
    "type": "page",
    "metadata": {
        "template_type": "single-page",
        "include_in_zip": "1",
        "elementor_pro_required": null,
        "wp_page_template": "elementor_header_footer"
    },
    "content": [
        {
            "id": "1b1b1aa8",
            "settings": {
                "content_width": {
                    "unit": "px",
                    "size": 1200,
                    "sizes": []
                },
                "background_background": "classic",
                "background_image": {
                    "url": "http:\/\/askproject.net\/arran\/wp-content\/uploads\/sites\/15\/2021\/08\/attractive-guy-in-bright-jacket-posing-on-white-ba-LS62G87.jpg",
                    "id": 603,
                    "alt": "",
                    "source": "library"
                },
                "background_position": "center center",
                "background_size": "cover",
                "background_overlay_background": "classic",
                "background_overlay_color_b": "#4F3DFE",
                "background_overlay_gradient_angle": {
                    "unit": "deg",
                    "size": 160,
                    "sizes": []
                },
                "background_overlay_image": {
                    "url": "http:\/\/askproject.net\/arran\/wp-content\/uploads\/sites\/15\/2021\/08\/page-hero-bg_5.jpg",
                    "id": 525,
                    "alt": "",
                    "source": "library"
                },
                "background_overlay_position": "bottom center",
                "background_overlay_size": "cover",
                "background_overlay_opacity": {
                    "unit": "px",
                    "size": 0.8,
                    "sizes": []
                },
                "padding": {
                    "unit": "px",
                    "top": "160",
                    "right": "0",
                    "bottom": "100",
                    "left": "0",
                    "isLinked": false
                },
                "__globals__": {
                    "background_overlay_color": "",
                    "background_overlay_color_b": ""
                },
                "padding_tablet": {
                    "unit": "px",
                    "top": "130",
                    "right": "0",
                    "bottom": "70",
                    "left": "0",
                    "isLinked": false
                },
                "padding_mobile": {
                    "unit": "px",
                    "top": "120",
                    "right": "0",
                    "bottom": "70",
                    "left": "0",
                    "isLinked": false
                }
            },
            "elements": [
                {
                    "id": "5d3387fe",
                    "settings": {
                        "_column_size": 100,
                        "_inline_size": null
                    },
                    "elements": [
                        {
                            "id": "fa70acb",
                            "settings": {
                                "title": "Blog & News",
                                "align": "center",
                                "__globals__": {
                                    "typography_typography": "globals\/typography?id=primary",
                                    "title_color": "globals\/colors?id=primary"
                                },
                                "_animation": "fadeInUp"
                            },
                            "elements": [],
                            "isInner": false,
                            "widgetType": "heading",
                            "elType": "widget"
                        }
                    ],
                    "isInner": false,
                    "elType": "column"
                }
            ],
            "isInner": false,
            "elType": "section"
        },
        {
            "id": "a2bd084",
            "settings": {
                "content_width": {
                    "unit": "px",
                    "size": 1200,
                    "sizes": []
                },
                "structure": "20",
                "margin": {
                    "unit": "px",
                    "top": "0",
                    "right": 0,
                    "bottom": "0",
                    "left": 0,
                    "isLinked": false
                },
                "padding_mobile": {
                    "unit": "px",
                    "top": "50",
                    "right": "20",
                    "bottom": "50",
                    "left": "20",
                    "isLinked": false
                },
                "margin_mobile": {
                    "unit": "px",
                    "top": "0",
                    "right": 0,
                    "bottom": "0",
                    "left": 0,
                    "isLinked": false
                },
                "margin_tablet": {
                    "unit": "px",
                    "top": "0",
                    "right": 0,
                    "bottom": "0",
                    "left": 0,
                    "isLinked": false
                },
                "padding": {
                    "unit": "px",
                    "top": "100",
                    "right": "0",
                    "bottom": "100",
                    "left": "0",
                    "isLinked": false
                },
                "padding_tablet": {
                    "unit": "px",
                    "top": "70",
                    "right": "0",
                    "bottom": "70",
                    "left": "0",
                    "isLinked": false
                }
            },
            "elements": [
                {
                    "id": "6a414c6c",
                    "settings": {
                        "_column_size": 50,
                        "_inline_size": 65,
                        "margin_tablet": {
                            "unit": "px",
                            "top": "0",
                            "right": "0",
                            "bottom": "0",
                            "left": "0",
                            "isLinked": false
                        },
                        "margin_mobile": {
                            "unit": "px",
                            "top": "0",
                            "right": "0",
                            "bottom": "50",
                            "left": "0",
                            "isLinked": false
                        },
                        "animation": "fadeIn",
                        "animation_delay": 200,
                        "margin": {
                            "unit": "px",
                            "top": "0",
                            "right": "0",
                            "bottom": "0",
                            "left": "0",
                            "isLinked": false
                        },
                        "_inline_size_tablet": 100,
                        "padding_tablet": {
                            "unit": "px",
                            "top": "0",
                            "right": "20",
                            "bottom": "70",
                            "left": "20",
                            "isLinked": false
                        },
                        "padding_mobile": {
                            "unit": "px",
                            "top": "0",
                            "right": "0",
                            "bottom": "0",
                            "left": "0",
                            "isLinked": false
                        },
                        "padding": {
                            "unit": "px",
                            "top": "10",
                            "right": "0",
                            "bottom": "0",
                            "left": "0",
                            "isLinked": false
                        }
                    },
                    "elements": [
                        {
                            "id": "5a9a7ea9",
                            "settings": {
                                "premium_blog_number_of_posts": 6,
                                "premium_blog_thumb_min_height": {
                                    "unit": "px",
                                    "size": 300,
                                    "sizes": []
                                },
                                "premium_blog_thumb_min_height_tablet": {
                                    "unit": "px",
                                    "size": 300,
                                    "sizes": []
                                },
                                "premium_blog_thumb_min_height_mobile": {
                                    "unit": "px",
                                    "size": 230,
                                    "sizes": []
                                },
                                "premium_blog_title_tag": "h3",
                                "premium_blog_posts_columns_spacing": {
                                    "unit": "px",
                                    "size": 1,
                                    "sizes": []
                                },
                                "premium_blog_posts_spacing": {
                                    "unit": "px",
                                    "size": 0,
                                    "sizes": []
                                },
                                "premium_blog_posts_spacing_mobile": {
                                    "unit": "px",
                                    "size": 0,
                                    "sizes": []
                                },
                                "premium_blog_excerpt": "",
                                "premium_blog_excerpt_text": "Read More \u00bb",
                                "premium_blog_author_meta": "",
                                "premium_blog_tab_label": "All",
                                "premium_blog_carousel_play": "yes",
                                "premium_blog_carousel_autoplay_speed": 3000,
                                "premium_blog_carousel_dots": "yes",
                                "premium_blog_carousel_arrows": "",
                                "premium_blog_carousel_arrows_pos": {
                                    "unit": "px",
                                    "size": -45,
                                    "sizes": []
                                },
                                "premium_blog_prev_text": "Previous",
                                "premium_blog_next_text": "Next",
                                "premium_blog_title_color": "#050408",
                                "title_spacing": {
                                    "unit": "px",
                                    "size": 15,
                                    "sizes": []
                                },
                                "categories_repeater": [
                                    {
                                        "_id": "1f16918"
                                    }
                                ],
                                "premium_blog_meta_typo_typography": "custom",
                                "premium_blog_meta_typo_font_family": "Poppins",
                                "premium_blog_meta_typo_font_size": {
                                    "unit": "px",
                                    "size": 14,
                                    "sizes": []
                                },
                                "premium_blog_meta_typo_font_size_tablet": {
                                    "unit": "px",
                                    "size": 14,
                                    "sizes": []
                                },
                                "premium_blog_meta_typo_font_size_mobile": {
                                    "unit": "px",
                                    "size": 14,
                                    "sizes": []
                                },
                                "premium_blog_meta_typo_font_weight": "400",
                                "premium_blog_meta_typo_line_height": {
                                    "unit": "em",
                                    "size": 1.8,
                                    "sizes": []
                                },
                                "premium_blog_meta_color": "#A3A8BF",
                                "premium_blog_content_typo_typography": "custom",
                                "premium_blog_content_typo_font_family": "Poppins",
                                "premium_blog_content_typo_font_size": {
                                    "unit": "px",
                                    "size": 14,
                                    "sizes": []
                                },
                                "premium_blog_content_typo_font_size_tablet": {
                                    "unit": "px",
                                    "size": 14,
                                    "sizes": []
                                },
                                "premium_blog_content_typo_font_size_mobile": {
                                    "unit": "px",
                                    "size": 14,
                                    "sizes": []
                                },
                                "premium_blog_content_typo_font_weight": "400",
                                "premium_blog_content_typo_line_height": {
                                    "unit": "em",
                                    "size": 1.8,
                                    "sizes": []
                                },
                                "premium_blog_post_content_color": "#A3A8BF",
                                "excerpt_text_margin": {
                                    "unit": "px",
                                    "top": "0",
                                    "right": "0",
                                    "bottom": "0",
                                    "left": "0",
                                    "isLinked": false
                                },
                                "premium_blog_content_background_color": "#02010100",
                                "prmeium_blog_content_margin": {
                                    "unit": "px",
                                    "top": "0",
                                    "right": "0",
                                    "bottom": "0",
                                    "left": "0",
                                    "isLinked": false
                                },
                                "prmeium_blog_content_padding": {
                                    "unit": "px",
                                    "top": "10",
                                    "right": "0",
                                    "bottom": "50",
                                    "left": "0",
                                    "isLinked": false
                                },
                                "premium_blog_box_background_color": "#F5F5F500",
                                "prmeium_blog_box_padding": {
                                    "unit": "px",
                                    "top": "0",
                                    "right": "10",
                                    "bottom": "0",
                                    "left": "10",
                                    "isLinked": false
                                },
                                "prmeium_blog_inner_box_padding": {
                                    "unit": "px",
                                    "top": "0",
                                    "right": "0",
                                    "bottom": "0",
                                    "left": "0",
                                    "isLinked": false
                                },
                                "carousel_dot_navigation_color": "#4F3DFE3B",
                                "_margin": {
                                    "unit": "px",
                                    "top": "0",
                                    "right": "0",
                                    "bottom": "-35",
                                    "left": "0",
                                    "isLinked": false
                                },
                                "_animation": "fadeInUp",
                                "_animation_delay": 400,
                                "__globals__": {
                                    "premium_blog_title_typo_typography": "globals\/typography?id=18ebbcd",
                                    "premium_blog_title_color": "globals\/colors?id=primary",
                                    "premium_blog_meta_typo_typography": "globals\/typography?id=text",
                                    "premium_blog_meta_color": "globals\/colors?id=text",
                                    "premium_blog_content_typo_typography": "globals\/typography?id=text",
                                    "premium_blog_post_content_color": "globals\/colors?id=text",
                                    "carousel_dot_navigation_color": "",
                                    "carousel_dot_navigation_active_color": "globals\/colors?id=secondary",
                                    "premium_blog_title_hover_color": "globals\/colors?id=secondary",
                                    "premium_blog_meta_hover_color": "globals\/colors?id=secondary",
                                    "separator_color": "globals\/colors?id=accent",
                                    "premium_blog_overlay_color": ""
                                },
                                "premium_blog_categories_meta": "",
                                "premium_blog_title_typo_typography": "custom",
                                "premium_blog_title_typo_font_family": "Poppins",
                                "premium_blog_title_typo_font_size": {
                                    "unit": "px",
                                    "size": 21,
                                    "sizes": []
                                },
                                "premium_blog_title_typo_font_size_tablet": {
                                    "unit": "px",
                                    "size": 20,
                                    "sizes": []
                                },
                                "premium_blog_title_typo_font_size_mobile": {
                                    "unit": "px",
                                    "size": 18,
                                    "sizes": []
                                },
                                "premium_blog_title_typo_font_weight": "700",
                                "premium_blog_title_typo_line_height": {
                                    "unit": "em",
                                    "size": 1.6,
                                    "sizes": []
                                },
                                "premium_blog_title_hover_color": "#4F3DFE",
                                "css_filters_css_filter": "custom",
                                "hover_css_filters_css_filter": "custom",
                                "premium_blog_meta_hover_color": "#4F3DFE",
                                "separator_color": "#EDECFF",
                                "carousel_dot_navigation_active_color": "#4F3DFE",
                                "hover_css_filters_brightness": {
                                    "unit": "px",
                                    "size": 110,
                                    "sizes": []
                                },
                                "hover_css_filters_saturate": {
                                    "unit": "px",
                                    "size": 115,
                                    "sizes": []
                                },
                                "_margin_mobile": {
                                    "unit": "px",
                                    "top": "0",
                                    "right": "0",
                                    "bottom": "-40",
                                    "left": "0",
                                    "isLinked": false
                                },
                                "_padding_mobile": {
                                    "unit": "px",
                                    "top": "0",
                                    "right": "0",
                                    "bottom": "0",
                                    "left": "0",
                                    "isLinked": false
                                },
                                "excerpt_text_margin_mobile": {
                                    "unit": "px",
                                    "top": "0",
                                    "right": "0",
                                    "bottom": "0",
                                    "left": "0",
                                    "isLinked": false
                                },
                                "prmeium_blog_content_margin_mobile": {
                                    "unit": "px",
                                    "top": "0",
                                    "right": "0",
                                    "bottom": "0",
                                    "left": "0",
                                    "isLinked": false
                                },
                                "prmeium_blog_box_padding_mobile": {
                                    "unit": "px",
                                    "top": "0",
                                    "right": "0",
                                    "bottom": "0",
                                    "left": "0",
                                    "isLinked": false
                                },
                                "prmeium_blog_inner_box_padding_mobile": {
                                    "unit": "px",
                                    "top": "0",
                                    "right": "0",
                                    "bottom": "0",
                                    "left": "0",
                                    "isLinked": false
                                }
                            },
                            "elements": [],
                            "isInner": false,
                            "widgetType": "premium-addon-blog",
                            "elType": "widget"
                        }
                    ],
                    "isInner": false,
                    "elType": "column"
                },
                {
                    "id": "79b825e2",
                    "settings": {
                        "_column_size": 50,
                        "_inline_size": 35,
                        "animation": "fadeIn",
                        "animation_delay": 400,
                        "_inline_size_tablet": 100,
                        "padding_tablet": {
                            "unit": "px",
                            "top": "0",
                            "right": "20",
                            "bottom": "0",
                            "left": "20",
                            "isLinked": false
                        },
                        "padding_mobile": {
                            "unit": "px",
                            "top": "0",
                            "right": "0",
                            "bottom": "0",
                            "left": "0",
                            "isLinked": false
                        }
                    },
                    "elements": [
                        {
                            "id": "57fca04b",
                            "settings": {
                                "layout": "full_width",
                                "border_border": "solid",
                                "border_width": {
                                    "unit": "px",
                                    "top": "0",
                                    "right": "0",
                                    "bottom": "0",
                                    "left": "0",
                                    "isLinked": true
                                },
                                "margin": {
                                    "unit": "px",
                                    "top": "0",
                                    "right": 0,
                                    "bottom": "20",
                                    "left": 0,
                                    "isLinked": false
                                },
                                "padding": {
                                    "unit": "px",
                                    "top": "30",
                                    "right": "30",
                                    "bottom": "30",
                                    "left": "30",
                                    "isLinked": true
                                },
                                "__globals__": {
                                    "border_color": "",
                                    "background_color": "globals\/colors?id=accent",
                                    "background_overlay_color": "globals\/colors?id=primary"
                                },
                                "padding_mobile": {
                                    "unit": "px",
                                    "top": "20",
                                    "right": "20",
                                    "bottom": "20",
                                    "left": "20",
                                    "isLinked": true
                                },
                                "background_background": "classic",
                                "background_image": {
                                    "id": "",
                                    "url": "",
                                    "alt": "",
                                    "source": "library"
                                },
                                "background_position": "center center",
                                "background_size": "cover",
                                "background_overlay_opacity": {
                                    "unit": "px",
                                    "size": 0.8,
                                    "sizes": []
                                }
                            },
                            "elements": [
                                {
                                    "id": "58957154",
                                    "settings": {
                                        "_column_size": 100,
                                        "_inline_size": null
                                    },
                                    "elements": [
                                        {
                                            "id": "4f5f308d",
                                            "settings": {
                                                "title": "About Me",
                                                "__globals__": {
                                                    "typography_typography": "globals\/typography?id=1e4840e",
                                                    "title_color": ""
                                                },
                                                "header_size": "h4",
                                                "title_color": "#4F3DFE"
                                            },
                                            "elements": [],
                                            "isInner": false,
                                            "widgetType": "heading",
                                            "elType": "widget"
                                        },
                                        {
                                            "id": "7c546372",
                                            "settings": {
                                                "text": "Divider",
                                                "color": "#4F3DFE38",
                                                "_margin": {
                                                    "unit": "px",
                                                    "top": "-15",
                                                    "right": "0",
                                                    "bottom": "-10",
                                                    "left": "0",
                                                    "isLinked": false
                                                },
                                                "__globals__": {
                                                    "color": ""
                                                }
                                            },
                                            "elements": [],
                                            "isInner": false,
                                            "widgetType": "divider",
                                            "elType": "widget"
                                        },
                                        {
                                            "id": "4d3e3e31",
                                            "settings": {
                                                "image": {
                                                    "url": "http:\/\/askproject.net\/arran\/wp-content\/uploads\/sites\/15\/2021\/08\/african-american-man-in-denim-jacket-smiling-on-or-5BLS75Z-1.png",
                                                    "id": 169,
                                                    "alt": "",
                                                    "source": "library"
                                                },
                                                "width": {
                                                    "unit": "%",
                                                    "size": 50,
                                                    "sizes": []
                                                },
                                                "width_tablet": {
                                                    "unit": "%",
                                                    "size": 37,
                                                    "sizes": []
                                                },
                                                "width_mobile": {
                                                    "unit": "%",
                                                    "size": 85,
                                                    "sizes": []
                                                },
                                                "css_filters_css_filter": "custom",
                                                "css_filters_saturate": {
                                                    "unit": "px",
                                                    "size": 0,
                                                    "sizes": []
                                                },
                                                "image_border_radius": {
                                                    "unit": "px",
                                                    "top": "1000",
                                                    "right": "1000",
                                                    "bottom": "1000",
                                                    "left": "1000",
                                                    "isLinked": true
                                                },
                                                "_background_background": "classic",
                                                "__globals__": {
                                                    "_background_color": ""
                                                }
                                            },
                                            "elements": [],
                                            "isInner": false,
                                            "widgetType": "image",
                                            "elType": "widget"
                                        },
                                        {
                                            "id": "7038ea4b",
                                            "settings": {
                                                "_margin": {
                                                    "unit": "px",
                                                    "top": "0",
                                                    "right": "0",
                                                    "bottom": "0",
                                                    "left": "0",
                                                    "isLinked": false
                                                },
                                                "text_color": "#84889D",
                                                "editor": "<p>Lorem ipsum dolor sit amet, consectetur adipiscing elit.<\/p>",
                                                "align": "center",
                                                "__globals__": {
                                                    "text_color": "",
                                                    "typography_typography": "globals\/typography?id=text"
                                                }
                                            },
                                            "elements": [],
                                            "isInner": false,
                                            "widgetType": "text-editor",
                                            "elType": "widget"
                                        },
                                        {
                                            "id": "345901b8",
                                            "settings": {
                                                "image": {
                                                    "url": "http:\/\/askproject.net\/arran\/wp-content\/uploads\/sites\/15\/2021\/08\/sign_Asset-5.png",
                                                    "id": 639,
                                                    "alt": "",
                                                    "source": "library"
                                                },
                                                "image_size": "full",
                                                "align": "center",
                                                "width": {
                                                    "unit": "%",
                                                    "size": 35,
                                                    "sizes": []
                                                },
                                                "width_tablet": {
                                                    "unit": "%",
                                                    "size": 24,
                                                    "sizes": []
                                                },
                                                "width_mobile": {
                                                    "unit": "%",
                                                    "size": 50,
                                                    "sizes": []
                                                }
                                            },
                                            "elements": [],
                                            "isInner": false,
                                            "widgetType": "image",
                                            "elType": "widget"
                                        }
                                    ],
                                    "isInner": true,
                                    "elType": "column"
                                }
                            ],
                            "isInner": true,
                            "elType": "section"
                        },
                        {
                            "id": "33dba15f",
                            "settings": {
                                "layout": "full_width",
                                "border_border": "solid",
                                "border_width": {
                                    "unit": "px",
                                    "top": "0",
                                    "right": "0",
                                    "bottom": "0",
                                    "left": "0",
                                    "isLinked": true
                                },
                                "margin": {
                                    "unit": "px",
                                    "top": "0",
                                    "right": 0,
                                    "bottom": "20",
                                    "left": 0,
                                    "isLinked": false
                                },
                                "padding": {
                                    "unit": "px",
                                    "top": "30",
                                    "right": "30",
                                    "bottom": "30",
                                    "left": "30",
                                    "isLinked": true
                                },
                                "__globals__": {
                                    "border_color": "globals\/colors?id=secondary",
                                    "background_color": "globals\/colors?id=accent"
                                },
                                "padding_mobile": {
                                    "unit": "px",
                                    "top": "20",
                                    "right": "20",
                                    "bottom": "20",
                                    "left": "20",
                                    "isLinked": true
                                },
                                "background_background": "classic"
                            },
                            "elements": [
                                {
                                    "id": "9f55d18",
                                    "settings": {
                                        "_column_size": 100,
                                        "_inline_size": null
                                    },
                                    "elements": [
                                        {
                                            "id": "3a4ba122",
                                            "settings": {
                                                "title": "Recent Post",
                                                "__globals__": {
                                                    "typography_typography": "globals\/typography?id=1e4840e",
                                                    "title_color": "globals\/colors?id=secondary"
                                                },
                                                "header_size": "h4"
                                            },
                                            "elements": [],
                                            "isInner": false,
                                            "widgetType": "heading",
                                            "elType": "widget"
                                        },
                                        {
                                            "id": "5be6d362",
                                            "settings": {
                                                "text": "Divider",
                                                "_margin": {
                                                    "unit": "px",
                                                    "top": "-15",
                                                    "right": "0",
                                                    "bottom": "-10",
                                                    "left": "0",
                                                    "isLinked": false
                                                },
                                                "__globals__": {
                                                    "color": ""
                                                },
                                                "color": "#4F3DFE38"
                                            },
                                            "elements": [],
                                            "isInner": false,
                                            "widgetType": "divider",
                                            "elType": "widget"
                                        },
                                        {
                                            "id": "2a7023f5",
                                            "settings": {
                                                "section_layout_options": "recent",
                                                "section_recent_post_limit": 3,
                                                "icon_list": [],
                                                "show_feature_image": "",
                                                "show_bg_feature_image": "yes",
                                                "show_feature_img_size_size": "full",
                                                "icons": {
                                                    "value": "icon icon-chevron-right",
                                                    "library": "ekiticons"
                                                },
                                                "show_post_meta": "",
                                                "list_padding": {
                                                    "unit": "px",
                                                    "top": "20",
                                                    "right": "20",
                                                    "bottom": "20",
                                                    "left": "20",
                                                    "isLinked": false
                                                },
                                                "divider_color": "#656565",
                                                "icon_vertical_alignment": "center",
                                                "icon_color": "#FFFFFF",
                                                "icon_color_hover": "#FFFFFF",
                                                "text_color": "#FFFFFF",
                                                "_margin": {
                                                    "unit": "px",
                                                    "top": "0",
                                                    "right": "0",
                                                    "bottom": "0",
                                                    "left": "0",
                                                    "isLinked": false
                                                },
                                                "__globals__": {
                                                    "icon_typography_typography": "globals\/typography?id=text"
                                                }
                                            },
                                            "elements": [],
                                            "isInner": false,
                                            "widgetType": "elementskit-post-list",
                                            "elType": "widget"
                                        }
                                    ],
                                    "isInner": true,
                                    "elType": "column"
                                }
                            ],
                            "isInner": true,
                            "elType": "section"
                        },
                        {
                            "id": "5b31487a",
                            "settings": {
                                "layout": "full_width",
                                "border_border": "solid",
                                "border_width": {
                                    "unit": "px",
                                    "top": "0",
                                    "right": "0",
                                    "bottom": "0",
                                    "left": "0",
                                    "isLinked": true
                                },
                                "margin": {
                                    "unit": "px",
                                    "top": "0",
                                    "right": 0,
                                    "bottom": "20",
                                    "left": 0,
                                    "isLinked": false
                                },
                                "padding": {
                                    "unit": "px",
                                    "top": "30",
                                    "right": "30",
                                    "bottom": "30",
                                    "left": "30",
                                    "isLinked": true
                                },
                                "__globals__": {
                                    "border_color": "globals\/colors?id=secondary",
                                    "background_color": "globals\/colors?id=accent"
                                },
                                "padding_mobile": {
                                    "unit": "px",
                                    "top": "20",
                                    "right": "20",
                                    "bottom": "20",
                                    "left": "20",
                                    "isLinked": true
                                },
                                "background_background": "classic"
                            },
                            "elements": [
                                {
                                    "id": "109477c3",
                                    "settings": {
                                        "_column_size": 100,
                                        "_inline_size": null
                                    },
                                    "elements": [
                                        {
                                            "id": "1440c28e",
                                            "settings": {
                                                "title": "Gallery",
                                                "__globals__": {
                                                    "typography_typography": "globals\/typography?id=1e4840e",
                                                    "title_color": "globals\/colors?id=secondary"
                                                },
                                                "header_size": "h4"
                                            },
                                            "elements": [],
                                            "isInner": false,
                                            "widgetType": "heading",
                                            "elType": "widget"
                                        },
                                        {
                                            "id": "703cb47",
                                            "settings": {
                                                "text": "Divider",
                                                "_margin": {
                                                    "unit": "px",
                                                    "top": "-15",
                                                    "right": "0",
                                                    "bottom": "-10",
                                                    "left": "0",
                                                    "isLinked": false
                                                },
                                                "__globals__": {
                                                    "color": ""
                                                },
                                                "color": "#4F3DFE38"
                                            },
                                            "elements": [],
                                            "isInner": false,
                                            "widgetType": "divider",
                                            "elType": "widget"
                                        },
                                        {
                                            "id": "4fdd8d81",
                                            "settings": {
                                                "wp_gallery": [
                                                    {
                                                        "id": 625,
                                                        "url": "http:\/\/askproject.net\/arran\/wp-content\/uploads\/sites\/15\/2021\/08\/joshua-coleman-kFRKvJQtNHg-unsplash.jpg"
                                                    },
                                                    {
                                                        "id": 626,
                                                        "url": "http:\/\/askproject.net\/arran\/wp-content\/uploads\/sites\/15\/2021\/08\/hyaluronic-acid-bottle-on-purple-background-displa-N6UZDNP.jpg"
                                                    },
                                                    {
                                                        "id": 627,
                                                        "url": "http:\/\/askproject.net\/arran\/wp-content\/uploads\/sites\/15\/2021\/08\/minimal-background-for-cosmetic-branding-and-packa-Z52HTLD.jpg"
                                                    },
                                                    {
                                                        "id": 628,
                                                        "url": "http:\/\/askproject.net\/arran\/wp-content\/uploads\/sites\/15\/2021\/08\/new-purple-sneakers-and-smart-watch-on-colorful-ba-GTDEVP5.jpg"
                                                    }
                                                ],
                                                "thumbnail_size": "full",
                                                "gallery_columns": "2",
                                                "gallery_display_caption": "none"
                                            },
                                            "elements": [],
                                            "isInner": false,
                                            "widgetType": "image-gallery",
                                            "elType": "widget"
                                        }
                                    ],
                                    "isInner": true,
                                    "elType": "column"
                                }
                            ],
                            "isInner": true,
                            "elType": "section"
                        },
                        {
                            "id": "3a3ffe24",
                            "settings": {
                                "layout": "full_width",
                                "border_border": "solid",
                                "border_width": {
                                    "unit": "px",
                                    "top": "0",
                                    "right": "0",
                                    "bottom": "0",
                                    "left": "0",
                                    "isLinked": true
                                },
                                "margin": {
                                    "unit": "px",
                                    "top": "0",
                                    "right": 0,
                                    "bottom": "20",
                                    "left": 0,
                                    "isLinked": false
                                },
                                "padding": {
                                    "unit": "px",
                                    "top": "30",
                                    "right": "30",
                                    "bottom": "30",
                                    "left": "30",
                                    "isLinked": true
                                },
                                "__globals__": {
                                    "border_color": "globals\/colors?id=secondary",
                                    "background_color": "globals\/colors?id=accent"
                                },
                                "padding_mobile": {
                                    "unit": "px",
                                    "top": "20",
                                    "right": "20",
                                    "bottom": "20",
                                    "left": "20",
                                    "isLinked": true
                                },
                                "background_background": "classic"
                            },
                            "elements": [
                                {
                                    "id": "5aead02f",
                                    "settings": {
                                        "_column_size": 100,
                                        "_inline_size": null,
                                        "margin": {
                                            "unit": "px",
                                            "top": "0",
                                            "right": "0",
                                            "bottom": "0",
                                            "left": "0",
                                            "isLinked": false
                                        }
                                    },
                                    "elements": [
                                        {
                                            "id": "79d8a0b5",
                                            "settings": {
                                                "title": "Follow Me",
                                                "__globals__": {
                                                    "typography_typography": "globals\/typography?id=1e4840e",
                                                    "title_color": "globals\/colors?id=secondary"
                                                },
                                                "header_size": "h4"
                                            },
                                            "elements": [],
                                            "isInner": false,
                                            "widgetType": "heading",
                                            "elType": "widget"
                                        },
                                        {
                                            "id": "52e24041",
                                            "settings": {
                                                "text": "Divider",
                                                "_margin": {
                                                    "unit": "px",
                                                    "top": "-15",
                                                    "right": "0",
                                                    "bottom": "-10",
                                                    "left": "0",
                                                    "isLinked": false
                                                },
                                                "__globals__": {
                                                    "color": ""
                                                },
                                                "color": "#4F3DFE38"
                                            },
                                            "elements": [],
                                            "isInner": false,
                                            "widgetType": "divider",
                                            "elType": "widget"
                                        },
                                        {
                                            "id": "e931e1c",
                                            "settings": {
                                                "social_icon_list": [
                                                    {
                                                        "social_icon": {
                                                            "value": "fab fa-facebook",
                                                            "library": "fa-brands"
                                                        },
                                                        "_id": "71dd998"
                                                    },
                                                    {
                                                        "social_icon": {
                                                            "value": "fab fa-twitter",
                                                            "library": "fa-brands"
                                                        },
                                                        "_id": "7da5224"
                                                    },
                                                    {
                                                        "social_icon": {
                                                            "value": "fab fa-youtube",
                                                            "library": "fa-brands"
                                                        },
                                                        "_id": "1bfb9a2"
                                                    },
                                                    {
                                                        "_id": "5f0ed35",
                                                        "social_icon": {
                                                            "value": "fab fa-instagram",
                                                            "library": "fa-brands"
                                                        }
                                                    }
                                                ],
                                                "shape": "circle",
                                                "columns": "4",
                                                "icon_color": "custom",
                                                "icon_size": {
                                                    "unit": "px",
                                                    "size": 15,
                                                    "sizes": []
                                                },
                                                "icon_padding": {
                                                    "unit": "em",
                                                    "size": 0.9,
                                                    "sizes": []
                                                },
                                                "icon_spacing": {
                                                    "unit": "px",
                                                    "size": 15,
                                                    "sizes": []
                                                },
                                                "_margin": {
                                                    "unit": "px",
                                                    "top": "0",
                                                    "right": "0",
                                                    "bottom": "0",
                                                    "left": "0",
                                                    "isLinked": false
                                                },
                                                "columns_mobile": "4",
                                                "align_mobile": "left",
                                                "_margin_mobile": {
                                                    "unit": "px",
                                                    "top": "0",
                                                    "right": "0",
                                                    "bottom": "0",
                                                    "left": "0",
                                                    "isLinked": false
                                                },
                                                "__globals__": {
                                                    "icon_secondary_color": "globals\/colors?id=secondary",
                                                    "hover_secondary_color": "",
                                                    "icon_primary_color": "",
                                                    "image_border_color": "",
                                                    "hover_border_color": "globals\/colors?id=secondary",
                                                    "hover_primary_color": "globals\/colors?id=secondary"
                                                },
                                                "_animation_delay": 800,
                                                "hover_animation": "float",
                                                "hover_secondary_color": "#FFFFFF",
                                                "columns_tablet": "4",
                                                "align_tablet": "left",
                                                "row_gap_tablet": {
                                                    "unit": "px",
                                                    "size": 10,
                                                    "sizes": []
                                                },
                                                "icon_spacing_tablet": {
                                                    "unit": "px",
                                                    "size": 20,
                                                    "sizes": []
                                                },
                                                "icon_spacing_mobile": {
                                                    "unit": "px",
                                                    "size": 10,
                                                    "sizes": []
                                                },
                                                "icon_primary_color": "#FFFFFF00",
                                                "icon_secondary_color": "#4F3DFE",
                                                "image_border_border": "solid",
                                                "image_border_width": {
                                                    "unit": "px",
                                                    "top": "1",
                                                    "right": "1",
                                                    "bottom": "1",
                                                    "left": "1",
                                                    "isLinked": true
                                                },
                                                "align": "left",
                                                "image_border_color": "#4F3DFE4A",
                                                "hover_primary_color": "#4F3DFE"
                                            },
                                            "elements": [],
                                            "isInner": false,
                                            "widgetType": "social-icons",
                                            "elType": "widget"
                                        }
                                    ],
                                    "isInner": true,
                                    "elType": "column"
                                }
                            ],
                            "isInner": true,
                            "elType": "section"
                        }
                    ],
                    "isInner": false,
                    "elType": "column"
                }
            ],
            "isInner": false,
            "elType": "section"
        }
    ],
    "page_settings": {
        "hide_title": "yes",
        "template": "elementor_header_footer"
    }
}