{
    "version": "0.4",
    "title": "Contact",
    "type": "page",
    "metadata": {
        "template_type": "single-page",
        "include_in_zip": "1",
        "elementor_pro_required": null,
        "wp_page_template": "elementor_header_footer"
    },
    "content": [
        {
            "id": "700748b7",
            "settings": {
                "content_width": {
                    "unit": "px",
                    "size": 1200,
                    "sizes": []
                },
                "background_background": "classic",
                "background_image": {
                    "url": "http:\/\/askproject.net\/arran\/wp-content\/uploads\/sites\/15\/2021\/08\/portrait-of-young-african-american-positive-guy-wa-ZBDNE5K.jpg",
                    "id": 672,
                    "alt": "",
                    "source": "library"
                },
                "background_position": "center center",
                "background_size": "cover",
                "background_overlay_background": "classic",
                "background_overlay_color_b": "#4F3DFE",
                "background_overlay_gradient_angle": {
                    "unit": "deg",
                    "size": 160,
                    "sizes": []
                },
                "background_overlay_image": {
                    "url": "http:\/\/askproject.net\/arran\/wp-content\/uploads\/sites\/15\/2021\/08\/page-hero-bg_5.jpg",
                    "id": 525,
                    "alt": "",
                    "source": "library"
                },
                "background_overlay_position": "bottom center",
                "background_overlay_size": "cover",
                "background_overlay_opacity": {
                    "unit": "px",
                    "size": 0.8,
                    "sizes": []
                },
                "padding": {
                    "unit": "px",
                    "top": "160",
                    "right": "0",
                    "bottom": "100",
                    "left": "0",
                    "isLinked": false
                },
                "__globals__": {
                    "background_overlay_color": "",
                    "background_overlay_color_b": ""
                },
                "padding_tablet": {
                    "unit": "px",
                    "top": "130",
                    "right": "0",
                    "bottom": "70",
                    "left": "0",
                    "isLinked": false
                },
                "padding_mobile": {
                    "unit": "px",
                    "top": "120",
                    "right": "0",
                    "bottom": "70",
                    "left": "0",
                    "isLinked": false
                }
            },
            "elements": [
                {
                    "id": "24b0644a",
                    "settings": {
                        "_column_size": 100,
                        "_inline_size": null
                    },
                    "elements": [
                        {
                            "id": "7838e8ac",
                            "settings": {
                                "title": "Contact",
                                "align": "center",
                                "__globals__": {
                                    "typography_typography": "globals\/typography?id=primary",
                                    "title_color": "globals\/colors?id=primary"
                                },
                                "_animation": "fadeInUp"
                            },
                            "elements": [],
                            "isInner": false,
                            "widgetType": "heading",
                            "elType": "widget"
                        }
                    ],
                    "isInner": false,
                    "elType": "column"
                }
            ],
            "isInner": false,
            "elType": "section"
        },
        {
            "id": "7ab63ed8",
            "settings": {
                "content_width": {
                    "unit": "px",
                    "size": 1200,
                    "sizes": []
                },
                "padding": {
                    "unit": "px",
                    "top": "100",
                    "right": "0",
                    "bottom": "100",
                    "left": "0",
                    "isLinked": false
                },
                "margin_mobile": {
                    "unit": "px",
                    "top": "0",
                    "right": 0,
                    "bottom": "0",
                    "left": 0,
                    "isLinked": false
                },
                "padding_tablet": {
                    "unit": "px",
                    "top": "70",
                    "right": "30",
                    "bottom": "70",
                    "left": "30",
                    "isLinked": false
                },
                "padding_mobile": {
                    "unit": "px",
                    "top": "50",
                    "right": "20",
                    "bottom": "50",
                    "left": "20",
                    "isLinked": false
                },
                "structure": "20"
            },
            "elements": [
                {
                    "id": "7cf15858",
                    "settings": {
                        "_column_size": 50,
                        "_inline_size": null,
                        "content_position": "center",
                        "padding": {
                            "unit": "px",
                            "top": "0",
                            "right": "0",
                            "bottom": "0",
                            "left": "0",
                            "isLinked": false
                        },
                        "margin": {
                            "unit": "px",
                            "top": "0",
                            "right": "50",
                            "bottom": "0",
                            "left": "0",
                            "isLinked": false
                        },
                        "margin_mobile": {
                            "unit": "px",
                            "top": "0",
                            "right": "0",
                            "bottom": "30",
                            "left": "0",
                            "isLinked": false
                        },
                        "animation": "fadeIn"
                    },
                    "elements": [
                        {
                            "id": "4de76264",
                            "settings": {
                                "ekit_heading_title": "Get in {{touch}} with me",
                                "ekit_heading_sub_title": "Time has changed",
                                "shadow_text_content": "bussiness",
                                "ekit_heading_show_seperator": "",
                                "ekit_heading_title_color": "#050408",
                                "__globals__": {
                                    "ekit_heading_title_color": "globals\/colors?id=primary",
                                    "ekit_heading_focused_title_color": "globals\/colors?id=secondary",
                                    "ekit_heading_title_typography_typography": "globals\/typography?id=primary",
                                    "ekit_heading_focused_title_typography_typography": "globals\/typography?id=primary"
                                },
                                "_animation": "fadeInUp",
                                "_margin": {
                                    "unit": "px",
                                    "top": "0",
                                    "right": "0",
                                    "bottom": "-25",
                                    "left": "0",
                                    "isLinked": false
                                },
                                "_padding": {
                                    "unit": "px",
                                    "top": "0",
                                    "right": "0",
                                    "bottom": "0",
                                    "left": "0",
                                    "isLinked": false
                                },
                                "ekit_heading_title_align_mobile": "text_center",
                                "_margin_mobile": {
                                    "unit": "px",
                                    "top": "0",
                                    "right": "0",
                                    "bottom": "-25",
                                    "left": "0",
                                    "isLinked": false
                                }
                            },
                            "elements": [],
                            "isInner": false,
                            "widgetType": "elementskit-heading",
                            "elType": "widget"
                        },
                        {
                            "id": "5efc69e",
                            "settings": {
                                "editor": "<p>Lorem ipsum dolor sit amet, consectetur adipiscing elit. Praesent rhoncus lectus nisi, volutpat volutpat ex euismod.<\/p>",
                                "__globals__": {
                                    "text_color": "globals\/colors?id=text",
                                    "typography_typography": "globals\/typography?id=text"
                                },
                                "text_color": "#A3A8BF",
                                "_animation": "fadeInUp",
                                "_animation_delay": 200,
                                "align_mobile": "center"
                            },
                            "elements": [],
                            "isInner": false,
                            "widgetType": "text-editor",
                            "elType": "widget"
                        },
                        {
                            "id": "583b47d6",
                            "settings": {
                                "ekit_headerinfo_group": [
                                    {
                                        "ekit_headerinfo_text": "944 Forest Drive, 22044, Virginia",
                                        "_id": "222aa48",
                                        "ekit_headerinfo_icons": {
                                            "value": "icon icon-map-marker1",
                                            "library": "ekiticons"
                                        }
                                    }
                                ],
                                "ekit_simple_tab_title_icon_size": {
                                    "unit": "px",
                                    "size": 21,
                                    "sizes": []
                                },
                                "__globals__": {
                                    "ekit_info_text_color": "globals\/colors?id=text",
                                    "elementskit_content_typography_typography": "globals\/typography?id=text",
                                    "ekit_info_icon_color": "globals\/colors?id=secondary"
                                },
                                "_animation": "fadeInUp",
                                "_animation_delay": 400
                            },
                            "elements": [],
                            "isInner": false,
                            "widgetType": "elementskit-header-info",
                            "elType": "widget"
                        },
                        {
                            "id": "4d55b93f",
                            "settings": {
                                "ekit_headerinfo_group": [
                                    {
                                        "ekit_headerinfo_text": "+1 234 567 890",
                                        "_id": "222aa48",
                                        "ekit_headerinfo_icons": {
                                            "value": "icon icon-phone-handset",
                                            "library": "ekiticons"
                                        }
                                    }
                                ],
                                "ekit_simple_tab_title_icon_size": {
                                    "unit": "px",
                                    "size": 21,
                                    "sizes": []
                                },
                                "__globals__": {
                                    "ekit_info_text_color": "globals\/colors?id=text",
                                    "elementskit_content_typography_typography": "globals\/typography?id=text",
                                    "ekit_info_icon_color": "globals\/colors?id=secondary"
                                },
                                "_animation": "fadeInUp",
                                "_animation_delay": 500
                            },
                            "elements": [],
                            "isInner": false,
                            "widgetType": "elementskit-header-info",
                            "elType": "widget"
                        },
                        {
                            "id": "3622c22e",
                            "settings": {
                                "ekit_headerinfo_group": [
                                    {
                                        "ekit_headerinfo_text": "arran@project.com",
                                        "_id": "222aa48",
                                        "ekit_headerinfo_icons": {
                                            "value": "icon icon-email1",
                                            "library": "ekiticons"
                                        }
                                    }
                                ],
                                "ekit_simple_tab_title_icon_size": {
                                    "unit": "px",
                                    "size": 21,
                                    "sizes": []
                                },
                                "_margin": {
                                    "unit": "px",
                                    "top": "0",
                                    "right": "0",
                                    "bottom": "30",
                                    "left": "0",
                                    "isLinked": false
                                },
                                "__globals__": {
                                    "ekit_info_text_color": "globals\/colors?id=text",
                                    "elementskit_content_typography_typography": "globals\/typography?id=text",
                                    "ekit_info_icon_color": "globals\/colors?id=secondary"
                                },
                                "_animation": "fadeInUp",
                                "_animation_delay": 600
                            },
                            "elements": [],
                            "isInner": false,
                            "widgetType": "elementskit-header-info",
                            "elType": "widget"
                        },
                        {
                            "id": "7e72a2f6",
                            "settings": {
                                "social_icon_list": [
                                    {
                                        "social_icon": {
                                            "value": "fab fa-facebook",
                                            "library": "fa-brands"
                                        },
                                        "_id": "71dd998"
                                    },
                                    {
                                        "social_icon": {
                                            "value": "fab fa-twitter",
                                            "library": "fa-brands"
                                        },
                                        "_id": "7da5224"
                                    },
                                    {
                                        "social_icon": {
                                            "value": "fab fa-youtube",
                                            "library": "fa-brands"
                                        },
                                        "_id": "1bfb9a2"
                                    },
                                    {
                                        "_id": "5f0ed35",
                                        "social_icon": {
                                            "value": "fab fa-instagram",
                                            "library": "fa-brands"
                                        }
                                    }
                                ],
                                "shape": "circle",
                                "columns": "4",
                                "icon_color": "custom",
                                "icon_size": {
                                    "unit": "px",
                                    "size": 15,
                                    "sizes": []
                                },
                                "icon_padding": {
                                    "unit": "em",
                                    "size": 1,
                                    "sizes": []
                                },
                                "icon_spacing": {
                                    "unit": "px",
                                    "size": 15,
                                    "sizes": []
                                },
                                "_margin": {
                                    "unit": "px",
                                    "top": "0",
                                    "right": "0",
                                    "bottom": "0",
                                    "left": "0",
                                    "isLinked": false
                                },
                                "columns_mobile": "4",
                                "align_mobile": "center",
                                "_margin_mobile": {
                                    "unit": "px",
                                    "top": "0",
                                    "right": "0",
                                    "bottom": "0",
                                    "left": "0",
                                    "isLinked": false
                                },
                                "__globals__": {
                                    "icon_secondary_color": "globals\/colors?id=secondary",
                                    "hover_secondary_color": "",
                                    "icon_primary_color": "",
                                    "image_border_color": "",
                                    "hover_border_color": "globals\/colors?id=secondary",
                                    "hover_primary_color": "globals\/colors?id=secondary"
                                },
                                "_animation_delay": 800,
                                "hover_animation": "float",
                                "hover_secondary_color": "#FFFFFF",
                                "columns_tablet": "4",
                                "align_tablet": "left",
                                "row_gap_tablet": {
                                    "unit": "px",
                                    "size": 10,
                                    "sizes": []
                                },
                                "icon_spacing_tablet": {
                                    "unit": "px",
                                    "size": 20,
                                    "sizes": []
                                },
                                "icon_spacing_mobile": {
                                    "unit": "px",
                                    "size": 10,
                                    "sizes": []
                                },
                                "icon_primary_color": "#FFFFFF00",
                                "icon_secondary_color": "#4F3DFE",
                                "image_border_border": "solid",
                                "image_border_width": {
                                    "unit": "px",
                                    "top": "1",
                                    "right": "1",
                                    "bottom": "1",
                                    "left": "1",
                                    "isLinked": true
                                },
                                "align": "left",
                                "image_border_color": "#4F3DFE4A",
                                "hover_primary_color": "#4F3DFE",
                                "_animation": "fadeInUp"
                            },
                            "elements": [],
                            "isInner": false,
                            "widgetType": "social-icons",
                            "elType": "widget"
                        }
                    ],
                    "isInner": false,
                    "elType": "column"
                },
                {
                    "id": "1662a7c",
                    "settings": {
                        "_column_size": 50,
                        "_inline_size": null,
                        "content_position": "center",
                        "border_border": "solid",
                        "border_width": {
                            "unit": "px",
                            "top": "0",
                            "right": "0",
                            "bottom": "0",
                            "left": "1",
                            "isLinked": false
                        },
                        "border_color": "#FFFFFF30",
                        "margin": {
                            "unit": "px",
                            "top": "0",
                            "right": "0",
                            "bottom": "0",
                            "left": "0",
                            "isLinked": false
                        },
                        "padding": {
                            "unit": "px",
                            "top": "20",
                            "right": "0",
                            "bottom": "20",
                            "left": "50",
                            "isLinked": false
                        },
                        "margin_mobile": {
                            "unit": "px",
                            "top": "0",
                            "right": "0",
                            "bottom": "0",
                            "left": "0",
                            "isLinked": false
                        },
                        "padding_mobile": {
                            "unit": "px",
                            "top": "0",
                            "right": "0",
                            "bottom": "0",
                            "left": "0",
                            "isLinked": false
                        },
                        "border_width_mobile": {
                            "unit": "px",
                            "top": "0",
                            "right": "0",
                            "bottom": "0",
                            "left": "0",
                            "isLinked": false
                        },
                        "margin_tablet": {
                            "unit": "px",
                            "top": "0",
                            "right": "0",
                            "bottom": "0",
                            "left": "0",
                            "isLinked": false
                        },
                        "padding_tablet": {
                            "unit": "px",
                            "top": "20",
                            "right": "0",
                            "bottom": "20",
                            "left": "0",
                            "isLinked": false
                        },
                        "animation": "fadeIn",
                        "animation_delay": 200
                    },
                    "elements": [
                        {
                            "id": "5c1547a5",
                            "settings": {
                                "ekit_wpform_form_id": "20",
                                "ekit_wpForms_text_color_label": "#050408",
                                "ekit_wpForms_typography_label_typography": "custom",
                                "ekit_wpForms_typography_label_font_family": "Poppins",
                                "ekit_wpForms_typography_label_font_size": {
                                    "unit": "px",
                                    "size": 14,
                                    "sizes": []
                                },
                                "ekit_wpForms_typography_label_font_size_tablet": {
                                    "unit": "px",
                                    "size": 14,
                                    "sizes": []
                                },
                                "ekit_wpForms_typography_label_font_size_mobile": {
                                    "unit": "px",
                                    "size": 14,
                                    "sizes": []
                                },
                                "ekit_wpForms_typography_label_font_weight": "400",
                                "ekit_wpForms_typography_label_line_height": {
                                    "unit": "em",
                                    "size": 1.8,
                                    "sizes": []
                                },
                                "ekit_wpForms_field_bg_color": "#EDECFF",
                                "ekit_wpForms_field_text_color": "#050408",
                                "ekit_wpForms_field_border_border": "solid",
                                "ekit_wpForms_field_border_width": {
                                    "unit": "px",
                                    "top": "0",
                                    "right": "0",
                                    "bottom": "0",
                                    "left": "0",
                                    "isLinked": false
                                },
                                "ekit_wpForms_field_border_color": "#050408",
                                "ekit_wpForms_field_padding": {
                                    "unit": "px",
                                    "top": "20",
                                    "right": "20",
                                    "bottom": "20",
                                    "left": "30",
                                    "isLinked": false
                                },
                                "ekit_wpForms_focus_input_border_width": {
                                    "unit": "px",
                                    "top": "1",
                                    "right": "1",
                                    "bottom": "1",
                                    "left": "1",
                                    "isLinked": false
                                },
                                "ekit_wpForms_focus_input_border_color": "#050408",
                                "ekit_wpForms_field_description_text_color": "#050408",
                                "ekit_wpForms_field_description_typography_typography": "custom",
                                "ekit_wpForms_field_description_typography_font_family": "Poppins",
                                "ekit_wpForms_field_description_typography_font_size": {
                                    "unit": "px",
                                    "size": 14,
                                    "sizes": []
                                },
                                "ekit_wpForms_field_description_typography_font_size_tablet": {
                                    "unit": "px",
                                    "size": 14,
                                    "sizes": []
                                },
                                "ekit_wpForms_field_description_typography_font_size_mobile": {
                                    "unit": "px",
                                    "size": 14,
                                    "sizes": []
                                },
                                "ekit_wpForms_field_description_typography_font_weight": "400",
                                "ekit_wpForms_field_typography_typography": "custom",
                                "ekit_wpForms_field_typography_font_family": "Poppins",
                                "ekit_wpForms_field_typography_font_size": {
                                    "unit": "px",
                                    "size": 14,
                                    "sizes": []
                                },
                                "ekit_wpForms_field_typography_font_size_tablet": {
                                    "unit": "px",
                                    "size": 14,
                                    "sizes": []
                                },
                                "ekit_wpForms_field_typography_font_size_mobile": {
                                    "unit": "px",
                                    "size": 14,
                                    "sizes": []
                                },
                                "ekit_wpForms_field_typography_font_weight": "400",
                                "ekit_wpForms_button_align": "center",
                                "ekit_wpForms_button_width": {
                                    "unit": "px",
                                    "size": 180,
                                    "sizes": []
                                },
                                "ekit_wpForms_button_typography_typography": "custom",
                                "ekit_wpForms_button_typography_font_family": "Poppins",
                                "ekit_wpForms_button_typography_font_size": {
                                    "unit": "px",
                                    "size": 14,
                                    "sizes": []
                                },
                                "ekit_wpForms_button_typography_font_size_tablet": {
                                    "unit": "px",
                                    "size": 15,
                                    "sizes": []
                                },
                                "ekit_wpForms_button_typography_font_size_mobile": {
                                    "unit": "px",
                                    "size": 15,
                                    "sizes": []
                                },
                                "ekit_wpForms_button_typography_font_weight": "600",
                                "ekit_wpForms_button_bg_color_normal": "#4F3DFE",
                                "ekit_wpForms_button_text_color_normal": "#FFFFFF",
                                "ekit_wpForms_button_padding": {
                                    "unit": "px",
                                    "top": "17",
                                    "right": "30",
                                    "bottom": "17",
                                    "left": "30",
                                    "isLinked": false
                                },
                                "ekit_wpForms_button_margin": {
                                    "unit": "px",
                                    "top": "20",
                                    "right": "0",
                                    "bottom": "0",
                                    "left": "0",
                                    "isLinked": false
                                },
                                "ekit_wpForms_button_bg_color_hover": "#05040800",
                                "ekit_wpForms_button_text_color_hover": "#4F3DFE",
                                "_margin": {
                                    "unit": "px",
                                    "top": "0",
                                    "right": "0",
                                    "bottom": "-15",
                                    "left": "0",
                                    "isLinked": false
                                },
                                "__globals__": {
                                    "ekit_wpForms_text_color_label": "globals\/colors?id=primary",
                                    "ekit_wpForms_typography_label_typography": "globals\/typography?id=text",
                                    "ekit_wpForms_field_text_color": "globals\/colors?id=primary",
                                    "ekit_wpForms_field_border_color": "globals\/colors?id=primary",
                                    "ekit_wpForms_focus_input_border_color": "globals\/colors?id=primary",
                                    "ekit_wpForms_field_description_typography_typography": "globals\/typography?id=text",
                                    "ekit_wpForms_field_description_text_color": "globals\/colors?id=primary",
                                    "ekit_wpForms_field_typography_typography": "globals\/typography?id=text",
                                    "ekit_wpForms_text_color_placeholder": "globals\/colors?id=text",
                                    "ekit_wpForms_button_typography_typography": "globals\/typography?id=accent",
                                    "ekit_wpForms_button_text_color_normal": "",
                                    "ekit_wpForms_button_bg_color_hover": "",
                                    "ekit_wpForms_button_text_color_hover": "globals\/colors?id=secondary",
                                    "ekit_wpForms_field_bg_color": "globals\/colors?id=accent",
                                    "ekit_wpForms_button_bg_color_normal": "globals\/colors?id=secondary",
                                    "ekit_wpForms_button_border_normal_color": "globals\/colors?id=secondary",
                                    "ekit_wpForms_button_border_color_hover": "globals\/colors?id=secondary"
                                },
                                "ekit_wpForms_field_description_typography_line_height": {
                                    "unit": "em",
                                    "size": 1.8,
                                    "sizes": []
                                },
                                "ekit_wpForms_field_typography_line_height": {
                                    "unit": "em",
                                    "size": 1.8,
                                    "sizes": []
                                },
                                "ekit_wpForms_text_color_placeholder": "#A3A8BF",
                                "ekit_wpForms_button_border_normal_border": "solid",
                                "ekit_wpForms_button_border_normal_width": {
                                    "unit": "px",
                                    "top": "1",
                                    "right": "1",
                                    "bottom": "1",
                                    "left": "1",
                                    "isLinked": true
                                },
                                "ekit_wpForms_button_border_normal_color": "#4F3DFE",
                                "ekit_wpForms_button_border_radius": {
                                    "unit": "px",
                                    "top": "30",
                                    "right": "30",
                                    "bottom": "30",
                                    "left": "30",
                                    "isLinked": true
                                }
                            },
                            "elements": [],
                            "isInner": false,
                            "widgetType": "elementskit-wp-forms",
                            "elType": "widget"
                        }
                    ],
                    "isInner": false,
                    "elType": "column"
                }
            ],
            "isInner": false,
            "elType": "section"
        },
        {
            "id": "3a99bcd1",
            "settings": {
                "content_width": {
                    "unit": "px",
                    "size": 1200,
                    "sizes": []
                },
                "padding": {
                    "unit": "px",
                    "top": "0",
                    "right": "0",
                    "bottom": "100",
                    "left": "0",
                    "isLinked": false
                },
                "animation": "fadeIn",
                "animation_delay": 200,
                "padding_tablet": {
                    "unit": "px",
                    "top": "0",
                    "right": "30",
                    "bottom": "30",
                    "left": "30",
                    "isLinked": false
                },
                "padding_mobile": {
                    "unit": "px",
                    "top": "0",
                    "right": "20",
                    "bottom": "20",
                    "left": "20",
                    "isLinked": false
                }
            },
            "elements": [
                {
                    "id": "50584407",
                    "settings": {
                        "_column_size": 100,
                        "_inline_size": null,
                        "padding": {
                            "unit": "px",
                            "top": "0",
                            "right": "0",
                            "bottom": "0",
                            "left": "0",
                            "isLinked": false
                        }
                    },
                    "elements": [
                        {
                            "id": "24109f2",
                            "settings": {
                                "address": "Forest Drive",
                                "zoom": {
                                    "unit": "px",
                                    "size": 12,
                                    "sizes": []
                                },
                                "height": {
                                    "unit": "px",
                                    "size": 430,
                                    "sizes": []
                                },
                                "css_filters_css_filter": "custom",
                                "css_filters_brightness": {
                                    "unit": "px",
                                    "size": 75,
                                    "sizes": []
                                },
                                "css_filters_contrast": {
                                    "unit": "px",
                                    "size": 200,
                                    "sizes": []
                                },
                                "css_filters_saturate": {
                                    "unit": "px",
                                    "size": 0,
                                    "sizes": []
                                },
                                "height_tablet": {
                                    "unit": "px",
                                    "size": 380,
                                    "sizes": []
                                }
                            },
                            "elements": [],
                            "isInner": false,
                            "widgetType": "google_maps",
                            "elType": "widget"
                        }
                    ],
                    "isInner": false,
                    "elType": "column"
                }
            ],
            "isInner": false,
            "elType": "section"
        }
    ],
    "page_settings": {
        "hide_title": "yes",
        "template": "elementor_header_footer"
    }
}