{
    "version": "0.4",
    "title": "Footer",
    "type": "section",
    "metadata": {
        "template_type": "section-footer",
        "include_in_zip": "1",
        "elementor_pro_required": null,
        "wp_page_template": "elementor_canvas"
    },
    "content": [
        {
            "id": "239b619b",
            "settings": {
                "content_width": {
                    "unit": "px",
                    "size": 1200,
                    "sizes": []
                },
                "margin": {
                    "unit": "px",
                    "top": "0",
                    "right": 0,
                    "bottom": "0",
                    "left": 0,
                    "isLinked": false
                },
                "padding_tablet": {
                    "unit": "px",
                    "top": "0",
                    "right": "30",
                    "bottom": "0",
                    "left": "30",
                    "isLinked": false
                },
                "padding_mobile": {
                    "unit": "px",
                    "top": "0",
                    "right": "20",
                    "bottom": "0",
                    "left": "20",
                    "isLinked": false
                },
                "margin_tablet": {
                    "unit": "px",
                    "top": "0",
                    "right": 0,
                    "bottom": "70",
                    "left": 0,
                    "isLinked": false
                },
                "padding": {
                    "unit": "px",
                    "top": "0",
                    "right": "0",
                    "bottom": "100",
                    "left": "0",
                    "isLinked": false
                }
            },
            "elements": [
                {
                    "id": "7d693810",
                    "settings": {
                        "_column_size": 100,
                        "_inline_size": null,
                        "background_background": "classic",
                        "background_overlay_background": "classic",
                        "background_overlay_image": {
                            "url": "http:\/\/askproject.net\/arran\/wp-content\/uploads\/sites\/15\/2021\/08\/section_overlay.png",
                            "id": 220,
                            "alt": "",
                            "source": "library"
                        },
                        "background_overlay_position": "bottom center",
                        "background_overlay_size": "cover",
                        "background_overlay_opacity": {
                            "unit": "px",
                            "size": 1,
                            "sizes": []
                        },
                        "padding": {
                            "unit": "px",
                            "top": "80",
                            "right": "50",
                            "bottom": "70",
                            "left": "50",
                            "isLinked": false
                        },
                        "__globals__": {
                            "background_color": "globals\/colors?id=secondary"
                        },
                        "background_overlay_image_mobile": {
                            "url": "http:\/\/askproject.net\/arran\/wp-content\/uploads\/sites\/15\/2021\/08\/section_overlay_mobile.png",
                            "id": 245,
                            "alt": "",
                            "source": "library"
                        },
                        "background_overlay_position_mobile": "bottom center",
                        "background_overlay_size_mobile": "cover",
                        "padding_tablet": {
                            "unit": "px",
                            "top": "50",
                            "right": "70",
                            "bottom": "50",
                            "left": "70",
                            "isLinked": false
                        },
                        "padding_mobile": {
                            "unit": "px",
                            "top": "50",
                            "right": "30",
                            "bottom": "50",
                            "left": "30",
                            "isLinked": false
                        }
                    },
                    "elements": [
                        {
                            "id": "4eac9f60",
                            "settings": {
                                "title": "Let's work together and make a big change",
                                "align": "center",
                                "title_color": "#FFFFFF",
                                "_margin": {
                                    "unit": "px",
                                    "top": "0",
                                    "right": "0",
                                    "bottom": "30",
                                    "left": "0",
                                    "isLinked": false
                                },
                                "_margin_mobile": {
                                    "unit": "px",
                                    "top": "0",
                                    "right": "0",
                                    "bottom": "10",
                                    "left": "0",
                                    "isLinked": false
                                },
                                "_animation": "fadeInUp",
                                "__globals__": {
                                    "typography_typography": "globals\/typography?id=primary"
                                }
                            },
                            "elements": [],
                            "isInner": false,
                            "widgetType": "heading",
                            "elType": "widget"
                        },
                        {
                            "id": "4c71f896",
                            "settings": {
                                "ekit_wpform_form_id": "228",
                                "ekit_wpForms_field_bg_color": "#05040840",
                                "ekit_wpForms_field_text_color": "#FFFFFF",
                                "ekit_wpForms_field_border_border": "solid",
                                "ekit_wpForms_field_border_width": {
                                    "unit": "px",
                                    "top": "0",
                                    "right": "0",
                                    "bottom": "0",
                                    "left": "0",
                                    "isLinked": false
                                },
                                "ekit_wpForms_field_radius": {
                                    "unit": "px",
                                    "top": "30",
                                    "right": "30",
                                    "bottom": "30",
                                    "left": "30",
                                    "isLinked": true
                                },
                                "ekit_wpForms_field_padding": {
                                    "unit": "px",
                                    "top": "17",
                                    "right": "25",
                                    "bottom": "17",
                                    "left": "30",
                                    "isLinked": false
                                },
                                "ekit_wpForms_field_typography_typography": "custom",
                                "ekit_wpForms_field_typography_font_family": "Poppins",
                                "ekit_wpForms_field_typography_font_size": {
                                    "unit": "px",
                                    "size": 14,
                                    "sizes": []
                                },
                                "ekit_wpForms_field_typography_font_size_tablet": {
                                    "unit": "px",
                                    "size": 14,
                                    "sizes": []
                                },
                                "ekit_wpForms_field_typography_font_size_mobile": {
                                    "unit": "px",
                                    "size": 14,
                                    "sizes": []
                                },
                                "ekit_wpForms_field_typography_font_weight": "400",
                                "ekit_wpForms_text_color_placeholder": "#FFFFFF",
                                "ekit_wpForms_button_align": "center",
                                "ekit_wpForms_button_bg_color_normal": "#FFFFFF",
                                "ekit_wpForms_button_border_normal_border": "solid",
                                "ekit_wpForms_button_border_normal_width": {
                                    "unit": "px",
                                    "top": "1",
                                    "right": "1",
                                    "bottom": "1",
                                    "left": "1",
                                    "isLinked": true
                                },
                                "ekit_wpForms_button_border_radius": {
                                    "unit": "px",
                                    "top": "30",
                                    "right": "30",
                                    "bottom": "30",
                                    "left": "30",
                                    "isLinked": true
                                },
                                "ekit_wpForms_button_padding": {
                                    "unit": "px",
                                    "top": "17",
                                    "right": "27",
                                    "bottom": "17",
                                    "left": "27",
                                    "isLinked": false
                                },
                                "_margin": {
                                    "unit": "px",
                                    "top": "0",
                                    "right": "200",
                                    "bottom": "-15",
                                    "left": "200",
                                    "isLinked": false
                                },
                                "__globals__": {
                                    "ekit_wpForms_field_bg_color": "",
                                    "ekit_wpForms_field_typography_typography": "globals\/typography?id=text",
                                    "ekit_wpForms_text_color_placeholder": "",
                                    "ekit_wpForms_button_typography_typography": "globals\/typography?id=accent",
                                    "ekit_wpForms_button_text_color_normal": "globals\/colors?id=secondary",
                                    "ekit_wpForms_typography_label_typography": "globals\/typography?id=text",
                                    "ekit_wpForms_field_description_typography_typography": "globals\/typography?id=text"
                                },
                                "ekit_wpForms_button_border_normal_color": "#FFFFFF",
                                "ekit_wpForms_button_bg_color_hover": "#02010100",
                                "ekit_wpForms_button_text_color_hover": "#FFFFFF",
                                "ekit_wpForms_button_border_color_hover": "#FFFFFF",
                                "_margin_tablet": {
                                    "unit": "px",
                                    "top": "0",
                                    "right": "0",
                                    "bottom": "-25",
                                    "left": "0",
                                    "isLinked": false
                                },
                                "_animation": "fadeInUp",
                                "_animation_delay": 200,
                                "ekit_wpForms_typography_label_typography": "custom",
                                "ekit_wpForms_typography_label_font_family": "Poppins",
                                "ekit_wpForms_typography_label_font_size": {
                                    "unit": "px",
                                    "size": 14,
                                    "sizes": []
                                },
                                "ekit_wpForms_typography_label_font_size_tablet": {
                                    "unit": "px",
                                    "size": 14,
                                    "sizes": []
                                },
                                "ekit_wpForms_typography_label_font_size_mobile": {
                                    "unit": "px",
                                    "size": 14,
                                    "sizes": []
                                },
                                "ekit_wpForms_typography_label_font_weight": "400",
                                "ekit_wpForms_typography_label_line_height": {
                                    "unit": "em",
                                    "size": 1.8,
                                    "sizes": []
                                },
                                "ekit_wpForms_field_description_typography_typography": "custom",
                                "ekit_wpForms_field_description_typography_font_family": "Poppins",
                                "ekit_wpForms_field_description_typography_font_size": {
                                    "unit": "px",
                                    "size": 14,
                                    "sizes": []
                                },
                                "ekit_wpForms_field_description_typography_font_size_tablet": {
                                    "unit": "px",
                                    "size": 14,
                                    "sizes": []
                                },
                                "ekit_wpForms_field_description_typography_font_size_mobile": {
                                    "unit": "px",
                                    "size": 14,
                                    "sizes": []
                                },
                                "ekit_wpForms_field_description_typography_font_weight": "400",
                                "ekit_wpForms_field_description_typography_line_height": {
                                    "unit": "em",
                                    "size": 1.8,
                                    "sizes": []
                                },
                                "ekit_wpForms_field_typography_line_height": {
                                    "unit": "em",
                                    "size": 1.8,
                                    "sizes": []
                                },
                                "ekit_wpForms_button_text_color_normal": "#4F3DFE"
                            },
                            "elements": [],
                            "isInner": false,
                            "widgetType": "elementskit-wp-forms",
                            "elType": "widget"
                        }
                    ],
                    "isInner": false,
                    "elType": "column"
                }
            ],
            "isInner": false,
            "elType": "section"
        },
        {
            "id": "4eee89d9",
            "settings": {
                "content_width": {
                    "unit": "px",
                    "size": 1200,
                    "sizes": []
                },
                "background_image": {
                    "url": "",
                    "id": "",
                    "alt": "",
                    "source": "library"
                },
                "background_overlay_image": {
                    "url": "",
                    "id": "",
                    "alt": "",
                    "source": "library"
                },
                "background_background": "classic",
                "background_position": "bottom center",
                "background_size": "cover",
                "background_overlay_background": "classic",
                "background_overlay_position": "bottom center",
                "background_overlay_size": "cover",
                "background_overlay_opacity": {
                    "unit": "px",
                    "size": 0.2,
                    "sizes": []
                },
                "border_width": {
                    "unit": "px",
                    "top": "1",
                    "right": "0",
                    "bottom": "0",
                    "left": "0",
                    "isLinked": false
                },
                "padding_tablet": {
                    "unit": "px",
                    "top": "0",
                    "right": "30",
                    "bottom": "0",
                    "left": "30",
                    "isLinked": false
                },
                "padding_mobile": {
                    "unit": "px",
                    "top": "0",
                    "right": "30",
                    "bottom": "0",
                    "left": "30",
                    "isLinked": false
                }
            },
            "elements": [
                {
                    "id": "7e3506f1",
                    "settings": {
                        "_column_size": 100,
                        "_inline_size": null,
                        "margin_mobile": {
                            "unit": "px",
                            "top": "0",
                            "right": "0",
                            "bottom": "0",
                            "left": "0",
                            "isLinked": false
                        },
                        "padding": {
                            "unit": "px",
                            "top": "0",
                            "right": "0",
                            "bottom": "0",
                            "left": "0",
                            "isLinked": false
                        },
                        "padding_mobile": {
                            "unit": "px",
                            "top": "0",
                            "right": "0",
                            "bottom": "0",
                            "left": "0",
                            "isLinked": false
                        }
                    },
                    "elements": [
                        {
                            "id": "19b60314",
                            "settings": {
                                "layout": "full_width",
                                "structure": "30",
                                "margin": {
                                    "unit": "px",
                                    "top": "0",
                                    "right": 0,
                                    "bottom": "0",
                                    "left": 0,
                                    "isLinked": false
                                },
                                "border_border": "solid",
                                "border_width": {
                                    "unit": "px",
                                    "top": "1",
                                    "right": "0",
                                    "bottom": "0",
                                    "left": "0",
                                    "isLinked": false
                                },
                                "border_color": "#05040817",
                                "margin_mobile": {
                                    "unit": "px",
                                    "top": "0",
                                    "right": 0,
                                    "bottom": "0",
                                    "left": 0,
                                    "isLinked": false
                                },
                                "padding": {
                                    "unit": "px",
                                    "top": "30",
                                    "right": "0",
                                    "bottom": "10",
                                    "left": "0",
                                    "isLinked": false
                                },
                                "padding_mobile": {
                                    "unit": "px",
                                    "top": "50",
                                    "right": "0",
                                    "bottom": "0",
                                    "left": "0",
                                    "isLinked": false
                                },
                                "__globals__": {
                                    "border_color": ""
                                }
                            },
                            "elements": [
                                {
                                    "id": "7e838ff6",
                                    "settings": {
                                        "_column_size": 33,
                                        "_inline_size": 20,
                                        "content_position": "top",
                                        "margin": {
                                            "unit": "px",
                                            "top": "5",
                                            "right": "0",
                                            "bottom": "0",
                                            "left": "0",
                                            "isLinked": false
                                        },
                                        "content_position_tablet": "top",
                                        "margin_tablet": {
                                            "unit": "px",
                                            "top": "0",
                                            "right": "0",
                                            "bottom": "30",
                                            "left": "0",
                                            "isLinked": false
                                        },
                                        "_inline_size_tablet": 100,
                                        "margin_mobile": {
                                            "unit": "px",
                                            "top": "0",
                                            "right": "0",
                                            "bottom": "50",
                                            "left": "0",
                                            "isLinked": false
                                        },
                                        "padding": {
                                            "unit": "px",
                                            "top": "0",
                                            "right": "0",
                                            "bottom": "0",
                                            "left": "0",
                                            "isLinked": false
                                        }
                                    },
                                    "elements": [
                                        {
                                            "id": "347fb628",
                                            "settings": {
                                                "image": {
                                                    "url": "http:\/\/askproject.net\/arran\/wp-content\/uploads\/sites\/15\/2021\/08\/Asset-3.png",
                                                    "id": 223,
                                                    "alt": "",
                                                    "source": "library"
                                                },
                                                "align": "left",
                                                "align_tablet": "center",
                                                "width": {
                                                    "unit": "%",
                                                    "size": 40,
                                                    "sizes": []
                                                },
                                                "width_tablet": {
                                                    "unit": "%",
                                                    "size": 17,
                                                    "sizes": []
                                                },
                                                "width_mobile": {
                                                    "unit": "%",
                                                    "size": 45,
                                                    "sizes": []
                                                }
                                            },
                                            "elements": [],
                                            "isInner": false,
                                            "widgetType": "image",
                                            "elType": "widget"
                                        }
                                    ],
                                    "isInner": true,
                                    "elType": "column"
                                },
                                {
                                    "id": "3f8e5679",
                                    "settings": {
                                        "_column_size": 33,
                                        "_inline_size": 59.332,
                                        "_inline_size_tablet": 100,
                                        "content_position": "top",
                                        "margin_tablet": {
                                            "unit": "px",
                                            "top": "0",
                                            "right": "0",
                                            "bottom": "30",
                                            "left": "0",
                                            "isLinked": false
                                        },
                                        "margin_mobile": {
                                            "unit": "px",
                                            "top": "0",
                                            "right": "0",
                                            "bottom": "30",
                                            "left": "0",
                                            "isLinked": false
                                        },
                                        "padding": {
                                            "unit": "px",
                                            "top": "0",
                                            "right": "0",
                                            "bottom": "0",
                                            "left": "0",
                                            "isLinked": false
                                        }
                                    },
                                    "elements": [
                                        {
                                            "id": "5a1c27d",
                                            "settings": {
                                                "menu": "footer",
                                                "_margin": {
                                                    "unit": "px",
                                                    "top": "0",
                                                    "right": "0",
                                                    "bottom": "0",
                                                    "left": "0",
                                                    "isLinked": false
                                                },
                                                "dropdown": "none",
                                                "_margin_mobile": {
                                                    "unit": "px",
                                                    "top": "-15",
                                                    "right": "0",
                                                    "bottom": "0",
                                                    "left": "-15",
                                                    "isLinked": false
                                                },
                                                "__globals__": {
                                                    "menu_typography_typography": "globals\/typography?id=48a2c2e",
                                                    "color_menu_item": "",
                                                    "color_menu_item_hover": "globals\/colors?id=secondary",
                                                    "color_menu_item_active": ""
                                                },
                                                "padding_vertical_menu_item": {
                                                    "unit": "px",
                                                    "size": 12,
                                                    "sizes": []
                                                },
                                                "color_menu_item_hover": "#4F3DFE",
                                                "color_menu_item_active": "#0504088A",
                                                "padding_vertical_menu_item_tablet": {
                                                    "unit": "px",
                                                    "size": 10,
                                                    "sizes": []
                                                },
                                                "navmenu_align": "center",
                                                "menu_typography_typography": "custom",
                                                "menu_typography_font_family": "Poppins",
                                                "menu_typography_font_size": {
                                                    "unit": "px",
                                                    "size": 14,
                                                    "sizes": []
                                                },
                                                "menu_typography_font_size_tablet": {
                                                    "unit": "px",
                                                    "size": 14,
                                                    "sizes": []
                                                },
                                                "menu_typography_font_size_mobile": {
                                                    "unit": "px",
                                                    "size": 14,
                                                    "sizes": []
                                                },
                                                "menu_typography_font_weight": "500",
                                                "menu_typography_letter_spacing": {
                                                    "unit": "px",
                                                    "size": -0.2,
                                                    "sizes": []
                                                },
                                                "color_menu_item": "#0504088A"
                                            },
                                            "elements": [],
                                            "isInner": false,
                                            "widgetType": "navigation-menu",
                                            "elType": "widget"
                                        }
                                    ],
                                    "isInner": true,
                                    "elType": "column"
                                },
                                {
                                    "id": "5a8d38c6",
                                    "settings": {
                                        "_column_size": 33,
                                        "_inline_size": 20,
                                        "content_position": "top",
                                        "margin": {
                                            "unit": "px",
                                            "top": "0",
                                            "right": "0",
                                            "bottom": "0",
                                            "left": "0",
                                            "isLinked": false
                                        },
                                        "content_position_tablet": "top",
                                        "margin_tablet": {
                                            "unit": "px",
                                            "top": "0",
                                            "right": "0",
                                            "bottom": "10",
                                            "left": "0",
                                            "isLinked": false
                                        },
                                        "_inline_size_tablet": 100,
                                        "border_border": "solid",
                                        "border_width": {
                                            "unit": "px",
                                            "top": "0",
                                            "right": "0",
                                            "bottom": "0",
                                            "left": "0",
                                            "isLinked": false
                                        },
                                        "border_width_tablet": {
                                            "unit": "px",
                                            "top": "0",
                                            "right": "0",
                                            "bottom": "0",
                                            "left": "0",
                                            "isLinked": false
                                        },
                                        "border_width_mobile": {
                                            "unit": "px",
                                            "top": "0",
                                            "right": "0",
                                            "bottom": "1",
                                            "left": "0",
                                            "isLinked": false
                                        },
                                        "margin_mobile": {
                                            "unit": "px",
                                            "top": "0",
                                            "right": "0",
                                            "bottom": "0",
                                            "left": "0",
                                            "isLinked": false
                                        },
                                        "padding": {
                                            "unit": "px",
                                            "top": "0",
                                            "right": "0",
                                            "bottom": "0",
                                            "left": "0",
                                            "isLinked": false
                                        },
                                        "padding_mobile": {
                                            "unit": "px",
                                            "top": "0",
                                            "right": "0",
                                            "bottom": "50",
                                            "left": "0",
                                            "isLinked": false
                                        }
                                    },
                                    "elements": [
                                        {
                                            "id": "61f0a965",
                                            "settings": {
                                                "social_icon_list": [
                                                    {
                                                        "social_icon": {
                                                            "value": "fab fa-facebook",
                                                            "library": "fa-brands"
                                                        },
                                                        "_id": "71dd998"
                                                    },
                                                    {
                                                        "social_icon": {
                                                            "value": "fab fa-twitter",
                                                            "library": "fa-brands"
                                                        },
                                                        "_id": "7da5224"
                                                    },
                                                    {
                                                        "social_icon": {
                                                            "value": "fab fa-youtube",
                                                            "library": "fa-brands"
                                                        },
                                                        "_id": "1bfb9a2"
                                                    },
                                                    {
                                                        "_id": "5f0ed35",
                                                        "social_icon": {
                                                            "value": "fab fa-instagram",
                                                            "library": "fa-brands"
                                                        }
                                                    }
                                                ],
                                                "shape": "circle",
                                                "columns": "4",
                                                "icon_color": "custom",
                                                "icon_size": {
                                                    "unit": "px",
                                                    "size": 15,
                                                    "sizes": []
                                                },
                                                "icon_padding": {
                                                    "unit": "em",
                                                    "size": 1,
                                                    "sizes": []
                                                },
                                                "icon_spacing": {
                                                    "unit": "px",
                                                    "size": 15,
                                                    "sizes": []
                                                },
                                                "_margin": {
                                                    "unit": "px",
                                                    "top": "0",
                                                    "right": "0",
                                                    "bottom": "0",
                                                    "left": "0",
                                                    "isLinked": false
                                                },
                                                "columns_mobile": "4",
                                                "align_mobile": "center",
                                                "_margin_mobile": {
                                                    "unit": "px",
                                                    "top": "0",
                                                    "right": "0",
                                                    "bottom": "0",
                                                    "left": "0",
                                                    "isLinked": false
                                                },
                                                "__globals__": {
                                                    "icon_secondary_color": "globals\/colors?id=secondary",
                                                    "hover_secondary_color": "",
                                                    "icon_primary_color": "",
                                                    "image_border_color": "",
                                                    "hover_border_color": "globals\/colors?id=secondary",
                                                    "hover_primary_color": "globals\/colors?id=secondary"
                                                },
                                                "_animation_delay": 800,
                                                "hover_animation": "float",
                                                "hover_secondary_color": "#FFFFFF",
                                                "columns_tablet": "4",
                                                "align_tablet": "center",
                                                "row_gap_tablet": {
                                                    "unit": "px",
                                                    "size": 10,
                                                    "sizes": []
                                                },
                                                "icon_spacing_tablet": {
                                                    "unit": "px",
                                                    "size": 20,
                                                    "sizes": []
                                                },
                                                "icon_spacing_mobile": {
                                                    "unit": "px",
                                                    "size": 10,
                                                    "sizes": []
                                                },
                                                "icon_primary_color": "#FFFFFF00",
                                                "icon_secondary_color": "#4F3DFE",
                                                "image_border_border": "solid",
                                                "image_border_width": {
                                                    "unit": "px",
                                                    "top": "1",
                                                    "right": "1",
                                                    "bottom": "1",
                                                    "left": "1",
                                                    "isLinked": true
                                                },
                                                "align": "right",
                                                "image_border_color": "#4F3DFE4A",
                                                "hover_primary_color": "#4F3DFE"
                                            },
                                            "elements": [],
                                            "isInner": false,
                                            "widgetType": "social-icons",
                                            "elType": "widget"
                                        }
                                    ],
                                    "isInner": true,
                                    "elType": "column"
                                }
                            ],
                            "isInner": true,
                            "elType": "section"
                        },
                        {
                            "id": "1b3e10e7",
                            "settings": {
                                "layout": "full_width",
                                "margin": {
                                    "unit": "px",
                                    "top": "0",
                                    "right": 0,
                                    "bottom": "0",
                                    "left": 0,
                                    "isLinked": false
                                },
                                "border_width": {
                                    "unit": "px",
                                    "top": "1",
                                    "right": "0",
                                    "bottom": "0",
                                    "left": "0",
                                    "isLinked": false
                                },
                                "border_color": "#05040817",
                                "padding": {
                                    "unit": "px",
                                    "top": "20",
                                    "right": "0",
                                    "bottom": "10",
                                    "left": "0",
                                    "isLinked": false
                                },
                                "__globals__": {
                                    "border_color": ""
                                }
                            },
                            "elements": [
                                {
                                    "id": "1a0b2e3",
                                    "settings": {
                                        "_column_size": 100,
                                        "_inline_size": null,
                                        "content_position": "top",
                                        "padding": {
                                            "unit": "px",
                                            "top": "0",
                                            "right": "0",
                                            "bottom": "0",
                                            "left": "0",
                                            "isLinked": false
                                        }
                                    },
                                    "elements": [
                                        {
                                            "id": "6b65f63e",
                                            "settings": {
                                                "editor": "<p>Copyright \u00a9 2021 ASK Project<\/p>",
                                                "align": "center",
                                                "text_color": "#0504088A",
                                                "typography_typography": "custom",
                                                "typography_font_family": "Poppins",
                                                "typography_font_size": {
                                                    "unit": "px",
                                                    "size": 14,
                                                    "sizes": []
                                                },
                                                "typography_font_size_tablet": {
                                                    "unit": "px",
                                                    "size": 14,
                                                    "sizes": []
                                                },
                                                "typography_font_size_mobile": {
                                                    "unit": "px",
                                                    "size": 14,
                                                    "sizes": []
                                                },
                                                "typography_font_weight": "400",
                                                "typography_line_height": {
                                                    "unit": "em",
                                                    "size": 1.8,
                                                    "sizes": []
                                                },
                                                "__globals__": {
                                                    "text_color": "",
                                                    "typography_typography": "globals\/typography?id=text"
                                                }
                                            },
                                            "elements": [],
                                            "isInner": false,
                                            "widgetType": "text-editor",
                                            "elType": "widget"
                                        }
                                    ],
                                    "isInner": true,
                                    "elType": "column"
                                }
                            ],
                            "isInner": true,
                            "elType": "section"
                        }
                    ],
                    "isInner": false,
                    "elType": "column"
                }
            ],
            "isInner": false,
            "elType": "section"
        }
    ],
    "page_settings": {
        "hide_title": "yes",
        "template": "elementor_canvas"
    }
}