{
    "version": "0.4",
    "title": "Global Kit Styles",
    "type": "section",
    "metadata": {
        "template_type": "global-styles",
        "include_in_zip": "1",
        "elementor_pro_required": null,
        "additional_template_information": [
            "These are the global theme styles configured through the Elementor Theme Styles area."
        ],
        "wp_page_template": "default"
    },
    "content": [],
    "page_settings": {
        "system_colors": [
            {
                "_id": "primary",
                "title": "Primary",
                "color": "#050408"
            },
            {
                "_id": "secondary",
                "title": "Secondary",
                "color": "#4F3DFE"
            },
            {
                "_id": "text",
                "title": "Text",
                "color": "#A3A8BF"
            },
            {
                "_id": "accent",
                "title": "Accent",
                "color": "#EDECFF"
            }
        ],
        "custom_colors": [
            {
                "_id": "fb9a9fe",
                "title": "Border",
                "color": "#00000030"
            }
        ],
        "system_typography": [
            {
                "_id": "primary",
                "title": "H2 Heading",
                "typography_typography": "custom",
                "typography_font_family": "Poppins",
                "typography_font_weight": "700",
                "typography_font_size": {
                    "unit": "px",
                    "size": 40,
                    "sizes": []
                },
                "typography_font_size_tablet": {
                    "unit": "px",
                    "size": 33,
                    "sizes": []
                },
                "typography_font_size_mobile": {
                    "unit": "px",
                    "size": 28,
                    "sizes": []
                },
                "typography_line_height": {
                    "unit": "em",
                    "size": 1.6,
                    "sizes": []
                }
            },
            {
                "_id": "secondary",
                "title": "H3 Heading",
                "typography_typography": "custom",
                "typography_font_family": "Poppins",
                "typography_font_weight": "600",
                "typography_font_size": {
                    "unit": "px",
                    "size": 30,
                    "sizes": []
                },
                "typography_font_size_tablet": {
                    "unit": "px",
                    "size": 27,
                    "sizes": []
                },
                "typography_font_size_mobile": {
                    "unit": "px",
                    "size": 25,
                    "sizes": []
                }
            },
            {
                "_id": "text",
                "title": "Text",
                "typography_typography": "custom",
                "typography_font_family": "Poppins",
                "typography_font_weight": "400",
                "typography_font_size": {
                    "unit": "px",
                    "size": 14,
                    "sizes": []
                },
                "typography_font_size_tablet": {
                    "unit": "px",
                    "size": 14,
                    "sizes": []
                },
                "typography_font_size_mobile": {
                    "unit": "px",
                    "size": 14,
                    "sizes": []
                },
                "typography_line_height": {
                    "unit": "em",
                    "size": 1.8,
                    "sizes": []
                }
            },
            {
                "_id": "accent",
                "title": "Button",
                "typography_typography": "custom",
                "typography_font_family": "Poppins",
                "typography_font_weight": "600",
                "typography_font_size": {
                    "unit": "px",
                    "size": 14,
                    "sizes": []
                },
                "typography_font_size_tablet": {
                    "unit": "px",
                    "size": 15,
                    "sizes": []
                },
                "typography_font_size_mobile": {
                    "unit": "px",
                    "size": 15,
                    "sizes": []
                }
            }
        ],
        "custom_typography": [
            {
                "_id": "0c0d65c",
                "title": "Counter",
                "typography_typography": "custom",
                "typography_font_family": "Poppins",
                "typography_font_size": {
                    "unit": "px",
                    "size": 110,
                    "sizes": []
                },
                "typography_font_size_tablet": {
                    "unit": "px",
                    "size": 110,
                    "sizes": []
                },
                "typography_font_size_mobile": {
                    "unit": "px",
                    "size": 110,
                    "sizes": []
                },
                "typography_font_weight": "600"
            },
            {
                "_id": "d2b854a",
                "title": "Accordion Title",
                "typography_typography": "custom",
                "typography_font_family": "Poppins",
                "typography_font_size": {
                    "unit": "px",
                    "size": 17,
                    "sizes": []
                },
                "typography_font_size_tablet": {
                    "unit": "px",
                    "size": 17,
                    "sizes": []
                },
                "typography_font_size_mobile": {
                    "unit": "px",
                    "size": 17,
                    "sizes": []
                },
                "typography_font_weight": "600"
            },
            {
                "_id": "48a2c2e",
                "title": "Nav Menu",
                "typography_typography": "custom",
                "typography_font_family": "Poppins",
                "typography_font_size": {
                    "unit": "px",
                    "size": 14,
                    "sizes": []
                },
                "typography_font_size_tablet": {
                    "unit": "px",
                    "size": 14,
                    "sizes": []
                },
                "typography_font_size_mobile": {
                    "unit": "px",
                    "size": 14,
                    "sizes": []
                },
                "typography_font_weight": "600",
                "typography_letter_spacing": {
                    "unit": "px",
                    "size": -0.2,
                    "sizes": []
                }
            },
            {
                "_id": "63c9a0d",
                "title": "Nav Submenu",
                "typography_typography": "custom",
                "typography_font_family": "Poppins",
                "typography_font_size": {
                    "unit": "px",
                    "size": 14,
                    "sizes": []
                },
                "typography_font_size_tablet": {
                    "unit": "px",
                    "size": 14,
                    "sizes": []
                },
                "typography_font_size_mobile": {
                    "unit": "px",
                    "size": 14,
                    "sizes": []
                },
                "typography_font_weight": "500",
                "typography_letter_spacing": {
                    "unit": "px",
                    "size": -0.2,
                    "sizes": []
                }
            },
            {
                "typography_typography": "custom",
                "typography_font_family": "Poppins",
                "typography_font_size": {
                    "unit": "px",
                    "size": 45,
                    "sizes": []
                },
                "typography_font_size_tablet": {
                    "unit": "px",
                    "size": 36,
                    "sizes": []
                },
                "typography_font_size_mobile": {
                    "unit": "px",
                    "size": 30,
                    "sizes": []
                },
                "typography_font_weight": "700",
                "typography_line_height": {
                    "unit": "em",
                    "size": 1.5,
                    "sizes": []
                },
                "_id": "1b2de3d",
                "title": "H1 Heading"
            },
            {
                "typography_typography": "custom",
                "typography_font_family": "Poppins",
                "typography_font_size": {
                    "unit": "px",
                    "size": 18,
                    "sizes": []
                },
                "typography_font_size_tablet": {
                    "unit": "px",
                    "size": 16,
                    "sizes": []
                },
                "typography_font_size_mobile": {
                    "unit": "px",
                    "size": 15,
                    "sizes": []
                },
                "typography_font_weight": "600",
                "_id": "a6e6625",
                "title": "H5 Heading",
                "typography_line_height": {
                    "unit": "em",
                    "size": 1.5,
                    "sizes": []
                }
            },
            {
                "typography_typography": "custom",
                "typography_font_family": "Poppins",
                "typography_font_size": {
                    "unit": "px",
                    "size": 25,
                    "sizes": []
                },
                "typography_font_size_tablet": {
                    "unit": "px",
                    "size": 24,
                    "sizes": []
                },
                "typography_font_size_mobile": {
                    "unit": "px",
                    "size": 22,
                    "sizes": []
                },
                "typography_font_weight": "700",
                "_id": "1e4840e",
                "title": "H4 Heading"
            },
            {
                "typography_typography": "custom",
                "typography_font_family": "Poppins",
                "typography_font_size": {
                    "unit": "px",
                    "size": 15,
                    "sizes": []
                },
                "typography_font_size_tablet": {
                    "unit": "px",
                    "size": 15,
                    "sizes": []
                },
                "typography_font_size_mobile": {
                    "unit": "px",
                    "size": 14,
                    "sizes": []
                },
                "typography_font_weight": "600",
                "_id": "9411a97",
                "title": "H6 Heading"
            },
            {
                "typography_typography": "custom",
                "typography_font_family": "Poppins",
                "typography_font_size": {
                    "unit": "px",
                    "size": 21,
                    "sizes": []
                },
                "typography_font_size_tablet": {
                    "unit": "px",
                    "size": 20,
                    "sizes": []
                },
                "typography_font_size_mobile": {
                    "unit": "px",
                    "size": 18,
                    "sizes": []
                },
                "typography_font_weight": "700",
                "typography_line_height": {
                    "unit": "em",
                    "size": 1.6,
                    "sizes": []
                },
                "_id": "18ebbcd",
                "title": "Post Title"
            },
            {
                "typography_typography": "custom",
                "typography_font_family": "Poppins",
                "typography_font_size": {
                    "unit": "px",
                    "size": 25,
                    "sizes": []
                },
                "typography_font_size_tablet": {
                    "unit": "px",
                    "size": 20,
                    "sizes": []
                },
                "typography_font_size_mobile": {
                    "unit": "px",
                    "size": 22,
                    "sizes": []
                },
                "typography_font_weight": "700",
                "_id": "2918b1b",
                "title": "Team Name"
            }
        ],
        "default_generic_fonts": "Sans-serif",
        "body_background_background": "classic",
        "body_background_color": "#FFFFFF",
        "mobile_browser_background": "#FFFFFF",
        "page_title_selector": "h1.entry-title",
        "activeItemIndex": 1,
        "body_color": "#A3A8BF",
        "body_typography_typography": "custom",
        "body_typography_font_family": "Poppins",
        "body_typography_font_size": {
            "unit": "px",
            "size": 14,
            "sizes": []
        },
        "body_typography_font_size_tablet": {
            "unit": "px",
            "size": 14,
            "sizes": []
        },
        "body_typography_font_size_mobile": {
            "unit": "px",
            "size": 14,
            "sizes": []
        },
        "body_typography_font_weight": "400",
        "link_normal_color": "#4F3DFE",
        "h1_color": "#050408",
        "h1_typography_typography": "custom",
        "h1_typography_font_family": "Poppins",
        "h1_typography_font_size": {
            "unit": "px",
            "size": 45,
            "sizes": []
        },
        "h1_typography_font_size_tablet": {
            "unit": "px",
            "size": 36,
            "sizes": []
        },
        "h1_typography_font_size_mobile": {
            "unit": "px",
            "size": 30,
            "sizes": []
        },
        "h1_typography_font_weight": "700",
        "h2_color": "#050408",
        "h2_typography_typography": "custom",
        "h2_typography_font_family": "Poppins",
        "h2_typography_font_size": {
            "unit": "px",
            "size": 40,
            "sizes": []
        },
        "h2_typography_font_size_tablet": {
            "unit": "px",
            "size": 33,
            "sizes": []
        },
        "h2_typography_font_size_mobile": {
            "unit": "px",
            "size": 28,
            "sizes": []
        },
        "h2_typography_font_weight": "700",
        "h3_color": "#050408",
        "h3_typography_typography": "custom",
        "h3_typography_font_family": "Poppins",
        "h3_typography_font_size": {
            "unit": "px",
            "size": 30,
            "sizes": []
        },
        "h3_typography_font_size_tablet": {
            "unit": "px",
            "size": 27,
            "sizes": []
        },
        "h3_typography_font_size_mobile": {
            "unit": "px",
            "size": 25,
            "sizes": []
        },
        "h3_typography_font_weight": "600",
        "h4_color": "#050408",
        "h4_typography_typography": "custom",
        "h4_typography_font_family": "Poppins",
        "h4_typography_font_size": {
            "unit": "px",
            "size": 25,
            "sizes": []
        },
        "h4_typography_font_size_tablet": {
            "unit": "px",
            "size": 24,
            "sizes": []
        },
        "h4_typography_font_size_mobile": {
            "unit": "px",
            "size": 22,
            "sizes": []
        },
        "h4_typography_font_weight": "700",
        "h5_color": "#050408",
        "h5_typography_typography": "custom",
        "h5_typography_font_family": "Poppins",
        "h5_typography_font_size": {
            "unit": "px",
            "size": 18,
            "sizes": []
        },
        "h5_typography_font_size_tablet": {
            "unit": "px",
            "size": 16,
            "sizes": []
        },
        "h5_typography_font_size_mobile": {
            "unit": "px",
            "size": 15,
            "sizes": []
        },
        "h5_typography_font_weight": "600",
        "h6_color": "#050408",
        "h6_typography_typography": "custom",
        "h6_typography_font_family": "Poppins",
        "h6_typography_font_size": {
            "unit": "px",
            "size": 15,
            "sizes": []
        },
        "h6_typography_font_size_tablet": {
            "unit": "px",
            "size": 15,
            "sizes": []
        },
        "h6_typography_font_size_mobile": {
            "unit": "px",
            "size": 14,
            "sizes": []
        },
        "h6_typography_font_weight": "600",
        "button_typography_typography": "custom",
        "button_typography_font_family": "Poppins",
        "button_typography_font_size": {
            "unit": "px",
            "size": 14,
            "sizes": []
        },
        "button_typography_font_size_tablet": {
            "unit": "px",
            "size": 15,
            "sizes": []
        },
        "button_typography_font_size_mobile": {
            "unit": "px",
            "size": 15,
            "sizes": []
        },
        "button_typography_font_weight": "600",
        "button_text_color": "#FFFFFF",
        "button_background_color": "#4F3DFE",
        "button_border_border": "solid",
        "button_border_width": {
            "unit": "px",
            "top": "1",
            "right": "1",
            "bottom": "1",
            "left": "1",
            "isLinked": true
        },
        "button_border_color": "#4F3DFE",
        "button_border_radius": {
            "unit": "px",
            "top": "30",
            "right": "30",
            "bottom": "30",
            "left": "30",
            "isLinked": true
        },
        "button_padding": {
            "unit": "px",
            "top": "17",
            "right": "30",
            "bottom": "17",
            "left": "30",
            "isLinked": false
        },
        "form_label_color": "#A3A8BF",
        "form_label_typography_typography": "custom",
        "form_label_typography_font_family": "Poppins",
        "form_label_typography_font_size": {
            "unit": "px",
            "size": 14,
            "sizes": []
        },
        "form_label_typography_font_size_tablet": {
            "unit": "px",
            "size": 14,
            "sizes": []
        },
        "form_label_typography_font_size_mobile": {
            "unit": "px",
            "size": 14,
            "sizes": []
        },
        "form_label_typography_font_weight": "400",
        "form_field_typography_typography": "custom",
        "form_field_typography_font_family": "Poppins",
        "form_field_typography_font_size": {
            "unit": "px",
            "size": 14,
            "sizes": []
        },
        "form_field_typography_font_size_tablet": {
            "unit": "px",
            "size": 14,
            "sizes": []
        },
        "form_field_typography_font_size_mobile": {
            "unit": "px",
            "size": 14,
            "sizes": []
        },
        "form_field_typography_font_weight": "400",
        "form_field_text_color": "#A3A8BF",
        "form_field_background_color": "#EDECFF",
        "form_field_border_border": "solid",
        "form_field_border_width": {
            "unit": "px",
            "top": "1",
            "right": "1",
            "bottom": "1",
            "left": "1",
            "isLinked": false
        },
        "form_field_border_color": "#EDECFF",
        "form_field_border_radius": {
            "unit": "px",
            "top": "0",
            "right": "0",
            "bottom": "0",
            "left": "0",
            "isLinked": false
        },
        "form_field_focus_text_color": "#050408",
        "form_field_focus_background_color": "#EDECFF",
        "form_field_focus_border_border": "solid",
        "form_field_focus_border_width": {
            "unit": "px",
            "top": "1",
            "right": "1",
            "bottom": "1",
            "left": "1",
            "isLinked": true
        },
        "form_field_focus_border_color": "#4F3DFE",
        "form_field_focus_border_radius": {
            "unit": "px",
            "top": "0",
            "right": "0",
            "bottom": "0",
            "left": "0",
            "isLinked": false
        },
        "form_field_focus_transition_duration": {
            "unit": "px",
            "size": 1000,
            "sizes": []
        },
        "form_field_padding": {
            "unit": "px",
            "top": "20",
            "right": "20",
            "bottom": "20",
            "left": "20",
            "isLinked": false
        },
        "__globals__": {
            "body_color": "",
            "body_typography_typography": "",
            "link_normal_color": "",
            "h1_color": "",
            "h1_typography_typography": "",
            "h2_typography_typography": "",
            "h2_color": "",
            "h3_typography_typography": "",
            "h4_typography_typography": "",
            "h5_typography_typography": "",
            "h6_color": "",
            "h6_typography_typography": "",
            "button_typography_typography": "",
            "button_text_color": "",
            "button_border_color": "",
            "form_label_typography_typography": "",
            "form_field_typography_typography": "",
            "form_field_text_color": "",
            "form_field_border_color": "",
            "form_field_focus_text_color": "",
            "form_field_focus_border_color": "",
            "h3_color": "",
            "h4_color": "",
            "h5_color": "",
            "button_background_color": "",
            "button_hover_text_color": "",
            "button_hover_border_color": "",
            "form_label_color": "",
            "form_field_background_color": "",
            "form_field_focus_background_color": ""
        },
        "form_label_typography_line_height": {
            "unit": "em",
            "size": 1.8,
            "sizes": []
        },
        "hello_footer_copyright_text": "All rights reserved",
        "viewport_md": 768,
        "viewport_lg": 1025,
        "body_typography_line_height": {
            "unit": "em",
            "size": 1.8,
            "sizes": []
        },
        "h1_typography_line_height": {
            "unit": "em",
            "size": 1.5,
            "sizes": []
        },
        "h2_typography_line_height": {
            "unit": "em",
            "size": 1.6,
            "sizes": []
        },
        "h5_typography_line_height": {
            "unit": "em",
            "size": 1.5,
            "sizes": []
        },
        "button_hover_text_color": "#4F3DFE",
        "button_hover_background_color": "#02010100",
        "button_hover_border_border": "solid",
        "button_hover_border_width": {
            "unit": "px",
            "top": "1",
            "right": "1",
            "bottom": "1",
            "left": "1",
            "isLinked": true
        },
        "button_hover_border_color": "#4F3DFE",
        "form_field_typography_line_height": {
            "unit": "em",
            "size": 1.8,
            "sizes": []
        }
    }
}