{
    "version": "0.4",
    "title": "Header",
    "type": "section",
    "metadata": {
        "template_type": "section-header",
        "include_in_zip": "1",
        "elementor_pro_required": null,
        "wp_page_template": "elementor_canvas"
    },
    "content": [
        {
            "id": "59f2bb66",
            "settings": {
                "structure": "20",
                "margin": {
                    "unit": "px",
                    "top": "0",
                    "right": 0,
                    "bottom": "-120",
                    "left": 0,
                    "isLinked": false
                },
                "margin_mobile": {
                    "unit": "px",
                    "top": "0",
                    "right": 0,
                    "bottom": "-64",
                    "left": 0,
                    "isLinked": false
                },
                "z_index": 10,
                "content_width": {
                    "unit": "px",
                    "size": 1200,
                    "sizes": []
                },
                "margin_tablet": {
                    "unit": "px",
                    "top": "0",
                    "right": 0,
                    "bottom": "-85",
                    "left": 0,
                    "isLinked": false
                },
                "padding_tablet": {
                    "unit": "px",
                    "top": "10",
                    "right": "30",
                    "bottom": "0",
                    "left": "30",
                    "isLinked": false
                },
                "padding_mobile": {
                    "unit": "px",
                    "top": "10",
                    "right": "20",
                    "bottom": "0",
                    "left": "20",
                    "isLinked": false
                },
                "animation": "fadeInDown"
            },
            "elements": [
                {
                    "id": "2afaa91b",
                    "settings": {
                        "_column_size": 50,
                        "_inline_size": 8,
                        "content_position": "center",
                        "_inline_size_mobile": 20,
                        "animation": "fadeIn",
                        "animation_delay": 200,
                        "padding": {
                            "unit": "px",
                            "top": "0",
                            "right": "0",
                            "bottom": "0",
                            "left": "0",
                            "isLinked": false
                        }
                    },
                    "elements": [
                        {
                            "id": "12ea4f1b",
                            "settings": {
                                "image": {
                                    "url": "http:\/\/askproject.net\/arran\/wp-content\/uploads\/sites\/15\/2021\/08\/Asset-3.png",
                                    "id": 223,
                                    "alt": "",
                                    "source": "library"
                                },
                                "_margin": {
                                    "unit": "px",
                                    "top": "0",
                                    "right": "0",
                                    "bottom": "0",
                                    "left": "0",
                                    "isLinked": false
                                },
                                "_margin_tablet": {
                                    "unit": "px",
                                    "top": "0",
                                    "right": "-45",
                                    "bottom": "0",
                                    "left": "0",
                                    "isLinked": false
                                },
                                "_margin_mobile": {
                                    "unit": "px",
                                    "top": "0",
                                    "right": "-30",
                                    "bottom": "0",
                                    "left": "0",
                                    "isLinked": false
                                },
                                "align": "left",
                                "width": {
                                    "unit": "%",
                                    "size": 95,
                                    "sizes": []
                                },
                                "align_tablet": "left"
                            },
                            "elements": [],
                            "isInner": false,
                            "widgetType": "image",
                            "elType": "widget"
                        }
                    ],
                    "isInner": false,
                    "elType": "column"
                },
                {
                    "id": "73740d1f",
                    "settings": {
                        "_column_size": 50,
                        "_inline_size": 92,
                        "content_position": "center",
                        "_inline_size_mobile": 80,
                        "padding_mobile": {
                            "unit": "px",
                            "top": "0",
                            "right": "0",
                            "bottom": "0",
                            "left": "0",
                            "isLinked": false
                        }
                    },
                    "elements": [
                        {
                            "id": "3db41c9b",
                            "settings": {
                                "structure": "20",
                                "layout": "full_width",
                                "reverse_order_tablet": "reverse-tablet",
                                "reverse_order_mobile": "reverse-mobile"
                            },
                            "elements": [
                                {
                                    "id": "2de7d423",
                                    "settings": {
                                        "_column_size": 50,
                                        "_inline_size": 87.066,
                                        "content_position": "center",
                                        "_inline_size_tablet": 8,
                                        "_inline_size_mobile": 25,
                                        "content_position_mobile": "center"
                                    },
                                    "elements": [
                                        {
                                            "id": "1404af50",
                                            "settings": {
                                                "elementskit_submenu_container_width": "200px",
                                                "elementskit_nav_menu": "header",
                                                "elementskit_main_menu_position": "elementskit-menu-po-center",
                                                "elementskit_hamburger_icon": {
                                                    "value": "icon icon-burger-menu",
                                                    "library": "ekiticons"
                                                },
                                                "elementskit_one_page_enable": "",
                                                "elementskit_menubar_background_background": "classic",
                                                "elementskit_menubar_background_color": "#02010100",
                                                "wrapper_color_mobile_tablet": "#FFFFFF",
                                                "elementskit_menu_text_color": "#0000009E",
                                                "elementskit_item_background_hover_color": "#4F3DFE00",
                                                "elementskit_nav_menu_active_bg_color_color": "#05040800",
                                                "elementskit_menu_item_spacing": {
                                                    "unit": "px",
                                                    "top": "0",
                                                    "right": "25",
                                                    "bottom": "0",
                                                    "left": "25",
                                                    "isLinked": false
                                                },
                                                "elementskit_menu_item_spacing_tablet": {
                                                    "unit": "px",
                                                    "top": "8",
                                                    "right": "15",
                                                    "bottom": "8",
                                                    "left": "30",
                                                    "isLinked": false
                                                },
                                                "elementskit_style_tab_submenu_indicator_color_tablet": "#474747",
                                                "elementskit_style_tab_submenu_indicator_color_mobile": "#545454",
                                                "elementskit_submenu_item_spacing": {
                                                    "unit": "px",
                                                    "top": "6",
                                                    "right": "15",
                                                    "bottom": "6",
                                                    "left": "35",
                                                    "isLinked": false
                                                },
                                                "elementskit_menu_item_background_background": "classic",
                                                "elementskit_menu_item_background_color": "#02010100",
                                                "elementskit_item_text_color_hover_tablet": "#4F3DFE",
                                                "elementskit_menu_item_background_hover_background": "classic",
                                                "elementskit_menu_item_background_hover_color": "#02010100",
                                                "elementskit_nav_sub_menu_active_bg_color_background": "classic",
                                                "elementskit_nav_sub_menu_active_bg_color_color": "#02010100",
                                                "elementskit_menu_item_border_border": "solid",
                                                "elementskit_menu_item_border_width_tablet": {
                                                    "unit": "px",
                                                    "top": "0",
                                                    "right": "0",
                                                    "bottom": "0",
                                                    "left": "0",
                                                    "isLinked": false
                                                },
                                                "elementskit_menu_item_border_color": "#02010100",
                                                "elementskit_menu_item_border_last_child_border": "solid",
                                                "elementskit_menu_item_border_last_child_width_tablet": {
                                                    "unit": "px",
                                                    "top": "0",
                                                    "right": "0",
                                                    "bottom": "0",
                                                    "left": "0",
                                                    "isLinked": false
                                                },
                                                "elementskit_menu_item_border_last_child_color": "#02010100",
                                                "elementskit_menu_item_border_first_child_border": "solid",
                                                "elementskit_menu_item_border_first_child_width_tablet": {
                                                    "unit": "px",
                                                    "top": "0",
                                                    "right": "0",
                                                    "bottom": "0",
                                                    "left": "0",
                                                    "isLinked": false
                                                },
                                                "elementskit_menu_item_border_first_child_color": "#02010100",
                                                "sub_panel_padding": {
                                                    "unit": "px",
                                                    "top": "20",
                                                    "right": "0",
                                                    "bottom": "20",
                                                    "left": "0",
                                                    "isLinked": false
                                                },
                                                "sub_panel_padding_tablet": {
                                                    "unit": "px",
                                                    "top": "10",
                                                    "right": "0",
                                                    "bottom": "10",
                                                    "left": "30",
                                                    "isLinked": false
                                                },
                                                "elementskit_panel_submenu_border_border": "solid",
                                                "elementskit_panel_submenu_border_width_tablet": {
                                                    "unit": "px",
                                                    "top": "0",
                                                    "right": "0",
                                                    "bottom": "0",
                                                    "left": "0",
                                                    "isLinked": false
                                                },
                                                "elementskit_panel_submenu_border_color": "#FFFFFF",
                                                "elementskit_submenu_container_background_background": "classic",
                                                "elementskit_submenu_container_background_color": "#FFFFFF",
                                                "elementskit_submenu_panel_border_radius_tablet": {
                                                    "unit": "px",
                                                    "top": "0",
                                                    "right": "0",
                                                    "bottom": "0",
                                                    "left": "0",
                                                    "isLinked": false
                                                },
                                                "elementskit_menu_toggle_icon_position_tablet": "right",
                                                "elementskit_menu_toggle_spacing_tablet": {
                                                    "unit": "px",
                                                    "top": "0",
                                                    "right": "0",
                                                    "bottom": "0",
                                                    "left": "0",
                                                    "isLinked": false
                                                },
                                                "elementskit_menu_open_typography_tablet": {
                                                    "unit": "px",
                                                    "size": 30,
                                                    "sizes": []
                                                },
                                                "elementskit_menu_toggle_background_background": "classic",
                                                "elementskit_menu_toggle_background_color": "#02010100",
                                                "elementskit_menu_toggle_border_border": "solid",
                                                "elementskit_menu_toggle_border_width_tablet": {
                                                    "unit": "px",
                                                    "top": "0",
                                                    "right": "0",
                                                    "bottom": "0",
                                                    "left": "0",
                                                    "isLinked": false
                                                },
                                                "elementskit_menu_toggle_border_color": "#02010100",
                                                "elementskit_menu_close_spacing_tablet": {
                                                    "unit": "px",
                                                    "top": "0",
                                                    "right": "0",
                                                    "bottom": "0",
                                                    "left": "0",
                                                    "isLinked": false
                                                },
                                                "elementskit_menu_close_border_radius_tablet": {
                                                    "unit": "px",
                                                    "size": 0,
                                                    "sizes": []
                                                },
                                                "elementskit_menu_close_background_background": "classic",
                                                "elementskit_menu_close_background_color": "#FFFFFF00",
                                                "elementskit_menu_close_border_border": "solid",
                                                "elementskit_menu_close_border_width_tablet": {
                                                    "unit": "px",
                                                    "top": "0",
                                                    "right": "0",
                                                    "bottom": "0",
                                                    "left": "0",
                                                    "isLinked": false
                                                },
                                                "elementskit_menu_close_border_color": "#02010100",
                                                "__globals__": {
                                                    "elementskit_content_typography_typography": "globals\/typography?id=48a2c2e",
                                                    "elementskit_menu_item_typography_typography": "globals\/typography?id=63c9a0d",
                                                    "elementskit_style_tab_submenu_indicator_color_tablet": "",
                                                    "elementskit_submenu_item_color_tablet": "",
                                                    "elementskit_menu_close_typography_typography": "globals\/typography?id=accent",
                                                    "elementskit_style_tab_submenu_indicator_color": "globals\/colors?id=primary",
                                                    "elementskit_menu_toggle_icon_color_hover": "globals\/colors?id=secondary",
                                                    "elementskit_item_background_hover_color": "",
                                                    "elementskit_item_color_hover_tablet": "globals\/colors?id=secondary",
                                                    "elementskit_menu_close_icon_color_hover": "globals\/colors?id=accent",
                                                    "elementskit_item_color_hover": "globals\/colors?id=secondary",
                                                    "elementskit_item_text_color_hover": "globals\/colors?id=secondary",
                                                    "elementskit_nav_menu_active_bg_color_color": "",
                                                    "elementskit_nav_menu_active_text_color": "globals\/colors?id=primary",
                                                    "elementskit_nav_sub_menu_active_text_color": "globals\/colors?id=primary",
                                                    "elementskit_menu_close_icon_color": "globals\/colors?id=secondary",
                                                    "elementskit_menu_toggle_icon_color": "globals\/colors?id=primary",
                                                    "elementskit_item_text_color_hover_tablet": "globals\/colors?id=secondary",
                                                    "elementskit_nav_sub_menu_active_text_color_tablet": "globals\/colors?id=primary",
                                                    "elementskit_nav_menu_active_text_color_tablet": "globals\/colors?id=primary"
                                                },
                                                "ekit_submenu_indicator_spacing": {
                                                    "unit": "px",
                                                    "top": "1",
                                                    "right": "0",
                                                    "bottom": "0",
                                                    "left": "10",
                                                    "isLinked": false
                                                },
                                                "elementskit_submenu_item_color": "#000000A8",
                                                "elementskit_panel_submenu_border_width": {
                                                    "unit": "px",
                                                    "top": "0",
                                                    "right": "0",
                                                    "bottom": "0",
                                                    "left": "0",
                                                    "isLinked": false
                                                },
                                                "elementskit_menu_open_typography_mobile": {
                                                    "unit": "px",
                                                    "size": 28,
                                                    "sizes": []
                                                },
                                                "_margin_mobile": {
                                                    "unit": "px",
                                                    "top": "0",
                                                    "right": "-18",
                                                    "bottom": "0",
                                                    "left": "0",
                                                    "isLinked": false
                                                },
                                                "_animation": "fadeIn",
                                                "elementskit_nav_menu_logo": {
                                                    "url": "http:\/\/askproject.net\/arran\/wp-content\/uploads\/sites\/15\/2021\/08\/Asset-3.png",
                                                    "id": 223,
                                                    "alt": "",
                                                    "source": "library"
                                                },
                                                "elementskit_menu_text_color_tablet": "#0000008A",
                                                "elementskit_item_color_hover_tablet": "#9FA5F6",
                                                "ekit_submenu_indicator_spacing_tablet": {
                                                    "unit": "px",
                                                    "top": "0",
                                                    "right": "0",
                                                    "bottom": "0",
                                                    "left": "200",
                                                    "isLinked": false
                                                },
                                                "ekit_submenu_indicator_spacing_mobile": {
                                                    "unit": "px",
                                                    "top": "0",
                                                    "right": "0",
                                                    "bottom": "0",
                                                    "left": "160",
                                                    "isLinked": false
                                                },
                                                "elementskit_menu_item_typography_typography": "custom",
                                                "elementskit_menu_item_typography_font_family": "Poppins",
                                                "elementskit_menu_item_typography_font_size": {
                                                    "unit": "px",
                                                    "size": 14,
                                                    "sizes": []
                                                },
                                                "elementskit_menu_item_typography_font_size_tablet": {
                                                    "unit": "px",
                                                    "size": 15,
                                                    "sizes": []
                                                },
                                                "elementskit_menu_item_typography_font_size_mobile": {
                                                    "unit": "px",
                                                    "size": 15,
                                                    "sizes": []
                                                },
                                                "elementskit_menu_item_typography_font_weight": "500",
                                                "elementskit_submenu_item_spacing_tablet": {
                                                    "unit": "px",
                                                    "top": "7",
                                                    "right": "15",
                                                    "bottom": "7",
                                                    "left": "15",
                                                    "isLinked": false
                                                },
                                                "elementskit_submenu_item_color_tablet": "#00000096",
                                                "elementskit_nav_sub_menu_active_text_color_tablet": "#050408",
                                                "elementskit_menu_toggle_icon_color_hover": "#9FA5F6",
                                                "elementskit_menu_close_typography_typography": "custom",
                                                "elementskit_menu_close_typography_font_family": "Poppins",
                                                "elementskit_menu_close_typography_font_size": {
                                                    "unit": "px",
                                                    "size": 14,
                                                    "sizes": []
                                                },
                                                "elementskit_menu_close_typography_font_size_tablet": {
                                                    "unit": "px",
                                                    "size": 15,
                                                    "sizes": []
                                                },
                                                "elementskit_menu_close_typography_font_size_mobile": {
                                                    "unit": "px",
                                                    "size": 15,
                                                    "sizes": []
                                                },
                                                "elementskit_menu_close_typography_font_weight": "600",
                                                "elementskit_menu_close_typography_letter_spacing": {
                                                    "unit": "px",
                                                    "size": 1,
                                                    "sizes": []
                                                },
                                                "elementskit_menu_close_border_width_mobile": {
                                                    "unit": "px",
                                                    "top": "0",
                                                    "right": "0",
                                                    "bottom": "0",
                                                    "left": "0",
                                                    "isLinked": false
                                                },
                                                "elementskit_mobile_menu_logo_width_tablet": {
                                                    "unit": "px",
                                                    "size": 85,
                                                    "sizes": []
                                                },
                                                "elementskit_mobile_menu_logo_width_mobile": {
                                                    "unit": "px",
                                                    "size": 90,
                                                    "sizes": []
                                                },
                                                "elementskit_mobile_menu_logo_margin_tablet": {
                                                    "unit": "px",
                                                    "top": "7",
                                                    "right": "0",
                                                    "bottom": "30",
                                                    "left": "25",
                                                    "isLinked": false
                                                },
                                                "elementskit_mobile_menu_logo_margin_mobile": {
                                                    "unit": "px",
                                                    "top": "7",
                                                    "right": "0",
                                                    "bottom": "20",
                                                    "left": "25",
                                                    "isLinked": false
                                                },
                                                "elementskit_menu_close_icon_color_hover": "#9FA5F6",
                                                "elementskit_item_text_color_hover": "#4F3DFE",
                                                "_margin": {
                                                    "unit": "px",
                                                    "top": "0",
                                                    "right": "0",
                                                    "bottom": "0",
                                                    "left": "70",
                                                    "isLinked": false
                                                },
                                                "_margin_tablet": {
                                                    "unit": "px",
                                                    "top": "0",
                                                    "right": "-27",
                                                    "bottom": "0",
                                                    "left": "0",
                                                    "isLinked": false
                                                },
                                                "elementskit_menu_item_typography_letter_spacing": {
                                                    "unit": "px",
                                                    "size": -0.2,
                                                    "sizes": []
                                                },
                                                "elementskit_item_color_hover": "#4F3DFE",
                                                "elementskit_nav_menu_active_text_color": "#050408",
                                                "elementskit_style_tab_submenu_indicator_color": "#050408",
                                                "elementskit_nav_sub_menu_active_text_color": "#050408",
                                                "elementskit_menu_toggle_icon_color": "#050408",
                                                "elementskit_menu_close_icon_color": "#4F3DFE"
                                            },
                                            "elements": [],
                                            "isInner": false,
                                            "widgetType": "ekit-nav-menu",
                                            "elType": "widget"
                                        }
                                    ],
                                    "isInner": true,
                                    "elType": "column"
                                },
                                {
                                    "id": "318c9586",
                                    "settings": {
                                        "_column_size": 50,
                                        "_inline_size": 12.934,
                                        "content_position": "center",
                                        "_inline_size_tablet": 92,
                                        "_inline_size_mobile": 75,
                                        "padding": {
                                            "unit": "px",
                                            "top": "0",
                                            "right": "0",
                                            "bottom": "0",
                                            "left": "0",
                                            "isLinked": false
                                        }
                                    },
                                    "elements": [
                                        {
                                            "id": "33a293e6",
                                            "settings": {
                                                "text": "Let's Talk",
                                                "align": "right",
                                                "button_text_color": "#FFFFFF",
                                                "border_border": "solid",
                                                "border_width": {
                                                    "unit": "px",
                                                    "top": "1",
                                                    "right": "1",
                                                    "bottom": "1",
                                                    "left": "1",
                                                    "isLinked": true
                                                },
                                                "border_radius": {
                                                    "unit": "px",
                                                    "top": "50",
                                                    "right": "50",
                                                    "bottom": "50",
                                                    "left": "50",
                                                    "isLinked": true
                                                },
                                                "text_padding": {
                                                    "unit": "px",
                                                    "top": "17",
                                                    "right": "27",
                                                    "bottom": "17",
                                                    "left": "27",
                                                    "isLinked": false
                                                },
                                                "_margin": {
                                                    "unit": "px",
                                                    "top": "0",
                                                    "right": "-10",
                                                    "bottom": "0",
                                                    "left": "0",
                                                    "isLinked": false
                                                },
                                                "__globals__": {
                                                    "background_color": "globals\/colors?id=secondary",
                                                    "border_color": "globals\/colors?id=secondary",
                                                    "hover_color": "globals\/colors?id=secondary",
                                                    "button_hover_border_color": "globals\/colors?id=secondary",
                                                    "typography_typography": "globals\/typography?id=accent"
                                                },
                                                "button_background_hover_color": "#02010100",
                                                "_margin_tablet": {
                                                    "unit": "px",
                                                    "top": "0",
                                                    "right": "0",
                                                    "bottom": "0",
                                                    "left": "0",
                                                    "isLinked": false
                                                },
                                                "hide_mobile": "hidden-phone"
                                            },
                                            "elements": [],
                                            "isInner": false,
                                            "widgetType": "button",
                                            "elType": "widget"
                                        }
                                    ],
                                    "isInner": true,
                                    "elType": "column"
                                }
                            ],
                            "isInner": true,
                            "elType": "section"
                        }
                    ],
                    "isInner": false,
                    "elType": "column"
                }
            ],
            "isInner": false,
            "elType": "section"
        }
    ],
    "page_settings": {
        "hide_title": "yes",
        "template": "elementor_canvas"
    }
}