{
    "version": "0.4",
    "title": "Single Post",
    "type": "section",
    "metadata": {
        "template_type": "single-post",
        "include_in_zip": "1",
        "elementor_pro_required": null,
        "wp_page_template": "elementor_header_footer"
    },
    "content": [
        {
            "id": "3e63835d",
            "settings": {
                "content_width": {
                    "unit": "px",
                    "size": 1200,
                    "sizes": []
                },
                "background_background": "classic",
                "background_image": {
                    "url": "http:\/\/askproject.net\/arran\/wp-content\/uploads\/sites\/15\/2021\/08\/daniele-levis-pelusi-kK4eZgEuJhg-unsplash.jpg",
                    "id": 416,
                    "alt": "",
                    "source": "library"
                },
                "background_position": "center center",
                "background_size": "cover",
                "background_overlay_background": "classic",
                "background_overlay_color_b": "#4F3DFE",
                "background_overlay_gradient_angle": {
                    "unit": "deg",
                    "size": 160,
                    "sizes": []
                },
                "background_overlay_image": {
                    "url": "http:\/\/askproject.net\/arran\/wp-content\/uploads\/sites\/15\/2021\/08\/page-hero-bg_5.jpg",
                    "id": 525,
                    "alt": "",
                    "source": "library"
                },
                "background_overlay_position": "bottom center",
                "background_overlay_size": "cover",
                "background_overlay_opacity": {
                    "unit": "px",
                    "size": 0.8,
                    "sizes": []
                },
                "padding": {
                    "unit": "px",
                    "top": "170",
                    "right": "0",
                    "bottom": "100",
                    "left": "0",
                    "isLinked": false
                },
                "__globals__": {
                    "background_overlay_color": "",
                    "background_overlay_color_b": ""
                },
                "padding_tablet": {
                    "unit": "px",
                    "top": "130",
                    "right": "30",
                    "bottom": "70",
                    "left": "30",
                    "isLinked": false
                },
                "padding_mobile": {
                    "unit": "px",
                    "top": "120",
                    "right": "20",
                    "bottom": "70",
                    "left": "20",
                    "isLinked": false
                }
            },
            "elements": [
                {
                    "id": "aa6f4d2",
                    "settings": {
                        "_column_size": 100,
                        "_inline_size": null
                    },
                    "elements": [
                        {
                            "id": "1382c0dd",
                            "settings": {
                                "align": "center",
                                "_margin": {
                                    "unit": "px",
                                    "top": "0",
                                    "right": "0",
                                    "bottom": "-15",
                                    "left": "0",
                                    "isLinked": false
                                },
                                "_animation": "fadeInUp",
                                "__globals__": {
                                    "typography_typography": "globals\/typography?id=accent",
                                    "color": "globals\/colors?id=secondary"
                                }
                            },
                            "elements": [],
                            "isInner": false,
                            "widgetType": "post-date",
                            "elType": "widget"
                        },
                        {
                            "id": "17b835f1",
                            "settings": {
                                "align": "center",
                                "_margin": {
                                    "unit": "px",
                                    "top": "0",
                                    "right": "0",
                                    "bottom": "-10",
                                    "left": "0",
                                    "isLinked": false
                                },
                                "_animation": "fadeInUp",
                                "_animation_delay": 200,
                                "__globals__": {
                                    "typography_typography": "globals\/typography?id=primary",
                                    "color": "globals\/colors?id=primary"
                                }
                            },
                            "elements": [],
                            "isInner": false,
                            "widgetType": "dt-post-title",
                            "elType": "widget"
                        }
                    ],
                    "isInner": false,
                    "elType": "column"
                }
            ],
            "isInner": false,
            "elType": "section"
        },
        {
            "id": "4ff94ea5",
            "settings": {
                "content_width": {
                    "unit": "px",
                    "size": 1200,
                    "sizes": []
                },
                "structure": "20",
                "margin": {
                    "unit": "px",
                    "top": "0",
                    "right": 0,
                    "bottom": "0",
                    "left": 0,
                    "isLinked": false
                },
                "padding_mobile": {
                    "unit": "px",
                    "top": "50",
                    "right": "20",
                    "bottom": "50",
                    "left": "20",
                    "isLinked": false
                },
                "margin_mobile": {
                    "unit": "px",
                    "top": "0",
                    "right": 0,
                    "bottom": "0",
                    "left": 0,
                    "isLinked": false
                },
                "margin_tablet": {
                    "unit": "px",
                    "top": "0",
                    "right": 0,
                    "bottom": "0",
                    "left": 0,
                    "isLinked": false
                },
                "padding": {
                    "unit": "px",
                    "top": "100",
                    "right": "0",
                    "bottom": "100",
                    "left": "0",
                    "isLinked": false
                },
                "padding_tablet": {
                    "unit": "px",
                    "top": "70",
                    "right": "30",
                    "bottom": "70",
                    "left": "30",
                    "isLinked": false
                }
            },
            "elements": [
                {
                    "id": "2fdae790",
                    "settings": {
                        "_column_size": 50,
                        "_inline_size": 65,
                        "margin_tablet": {
                            "unit": "px",
                            "top": "0",
                            "right": "0",
                            "bottom": "0",
                            "left": "0",
                            "isLinked": false
                        },
                        "margin_mobile": {
                            "unit": "px",
                            "top": "0",
                            "right": "0",
                            "bottom": "50",
                            "left": "0",
                            "isLinked": false
                        },
                        "animation": "fadeIn",
                        "animation_delay": 200,
                        "margin": {
                            "unit": "px",
                            "top": "0",
                            "right": "0",
                            "bottom": "0",
                            "left": "0",
                            "isLinked": false
                        },
                        "_inline_size_tablet": 100,
                        "padding_tablet": {
                            "unit": "px",
                            "top": "0",
                            "right": "0",
                            "bottom": "70",
                            "left": "0",
                            "isLinked": false
                        },
                        "padding_mobile": {
                            "unit": "px",
                            "top": "0",
                            "right": "0",
                            "bottom": "0",
                            "left": "0",
                            "isLinked": false
                        },
                        "padding": {
                            "unit": "px",
                            "top": "10",
                            "right": "10",
                            "bottom": "0",
                            "left": "0",
                            "isLinked": false
                        }
                    },
                    "elements": [
                        {
                            "id": "3d1fec6",
                            "settings": {
                                "separator": ", ",
                                "_margin": {
                                    "unit": "px",
                                    "top": "0",
                                    "right": "0",
                                    "bottom": "-15",
                                    "left": "0",
                                    "isLinked": false
                                },
                                "__globals__": {
                                    "typography_typography": "globals\/typography?id=accent",
                                    "color": "globals\/colors?id=secondary"
                                }
                            },
                            "elements": [],
                            "isInner": false,
                            "widgetType": "post-terms",
                            "elType": "widget"
                        },
                        {
                            "id": "39a8d3ee",
                            "settings": {
                                "__globals__": {
                                    "typography_typography": "globals\/typography?id=text",
                                    "color": "globals\/colors?id=text"
                                }
                            },
                            "elements": [],
                            "isInner": false,
                            "widgetType": "post-excerpt",
                            "elType": "widget"
                        },
                        {
                            "id": "6fe6456c",
                            "settings": [],
                            "elements": [],
                            "isInner": false,
                            "widgetType": "post-featured-image",
                            "elType": "widget"
                        },
                        {
                            "id": "73073a11",
                            "settings": {
                                "editor": "<p>Nam interdum arcu erat, sit amet pharetra ante placerat vel. Aenean porttitor vestibulum pharetra. Praesent ex metus, pretium id sem nec, hendrerit pellentesque tellus. Sed dignissim erat odio, non efficitur nibh faucibus ut. Donec quis urna vehicula massa condimentum placerat id eu orci. Mauris ultricies nunc in leo fringilla, id volutpat tellus interdum. Praesent id metus a velit tincidunt sagittis. Sed velit neque, consequat ut est eu, tincidunt accumsan est. Donec dignissim, nunc sit amet porta pharetra, libero turpis dapibus sem, eu facilisis libero nibh ut mauris. Pellentesque ut nisi eget metus laoreet blandit. Morbi porttitor, ex at pharetra congue, neque eros ultrices dolor, at pellentesque leo tortor a nisl. Vivamus sem ante, laoreet egestas commodo vitae, ultrices in arcu.<\/p>",
                                "__globals__": {
                                    "text_color": "globals\/colors?id=text",
                                    "typography_typography": "globals\/typography?id=text"
                                }
                            },
                            "elements": [],
                            "isInner": false,
                            "widgetType": "text-editor",
                            "elType": "widget"
                        },
                        {
                            "id": "99a0389",
                            "settings": {
                                "structure": "20",
                                "background_background": "classic",
                                "margin": {
                                    "unit": "px",
                                    "top": "0",
                                    "right": 0,
                                    "bottom": "30",
                                    "left": 0,
                                    "isLinked": false
                                },
                                "padding": {
                                    "unit": "px",
                                    "top": "30",
                                    "right": "30",
                                    "bottom": "30",
                                    "left": "30",
                                    "isLinked": true
                                },
                                "__globals__": {
                                    "background_color": "globals\/colors?id=accent"
                                }
                            },
                            "elements": [
                                {
                                    "id": "2d3694b1",
                                    "settings": {
                                        "_column_size": 50,
                                        "_inline_size": 13.692
                                    },
                                    "elements": [
                                        {
                                            "id": "555829ca",
                                            "settings": {
                                                "selected_icon": {
                                                    "value": "icon icon-testimonial-quote",
                                                    "library": "ekiticons"
                                                },
                                                "align": "left",
                                                "__globals__": {
                                                    "primary_color": "globals\/colors?id=secondary"
                                                },
                                                "size_mobile": {
                                                    "unit": "px",
                                                    "size": 30,
                                                    "sizes": []
                                                },
                                                "_margin_mobile": {
                                                    "unit": "px",
                                                    "top": "0",
                                                    "right": "0",
                                                    "bottom": "-15",
                                                    "left": "0",
                                                    "isLinked": false
                                                }
                                            },
                                            "elements": [],
                                            "isInner": false,
                                            "widgetType": "icon",
                                            "elType": "widget"
                                        }
                                    ],
                                    "isInner": true,
                                    "elType": "column"
                                },
                                {
                                    "id": "3c54c787",
                                    "settings": {
                                        "_column_size": 50,
                                        "_inline_size": 86.308
                                    },
                                    "elements": [
                                        {
                                            "id": "53b32078",
                                            "settings": {
                                                "editor": "<p><em>\u201cInsanity is doing the same thing, over and over again, but expecting different results.<\/em>\u201d - Anonymus<\/p>",
                                                "__globals__": {
                                                    "text_color": "globals\/colors?id=primary",
                                                    "typography_typography": "globals\/typography?id=a6e6625"
                                                },
                                                "_margin": {
                                                    "unit": "px",
                                                    "top": "0",
                                                    "right": "0",
                                                    "bottom": "-15",
                                                    "left": "0",
                                                    "isLinked": false
                                                },
                                                "_margin_mobile": {
                                                    "unit": "px",
                                                    "top": "0",
                                                    "right": "0",
                                                    "bottom": "-15",
                                                    "left": "0",
                                                    "isLinked": false
                                                }
                                            },
                                            "elements": [],
                                            "isInner": false,
                                            "widgetType": "text-editor",
                                            "elType": "widget"
                                        }
                                    ],
                                    "isInner": true,
                                    "elType": "column"
                                }
                            ],
                            "isInner": true,
                            "elType": "section"
                        },
                        {
                            "id": "20bca8f1",
                            "settings": {
                                "editor": "<p>Curabitur augue mi, euismod id augue ac, hendrerit venenatis erat. Vestibulum placerat, nunc vitae tempor egestas, purus nisl condimentum metus, ac eleifend lorem lectus ut diam. Aliquam congue arcu tortor, ut rutrum lacus dictum in. Integer imperdiet consequat pellentesque. Aenean in felis sit amet leo placerat sollicitudin eu at magna. Sed accumsan nulla vel mi aliquam, eu aliquam leo auctor. Nullam et mattis eros. Nullam malesuada tellus pellentesque gravida consequat. Curabitur sit amet egestas nibh. Nulla pulvinar purus magna, sed pellentesque ante semper in. Duis vitae semper mi. Aliquam tincidunt feugiat sagittis. Proin consequat laoreet neque, in varius sem tincidunt eget. Vivamus porttitor justo ac eros ultrices, ac bibendum augue semper. Quisque porta mi ut hendrerit vestibulum. Etiam eget est euismod lacus malesuada congue vel id elit.<\/p>",
                                "__globals__": {
                                    "text_color": "globals\/colors?id=text",
                                    "typography_typography": "globals\/typography?id=text"
                                }
                            },
                            "elements": [],
                            "isInner": false,
                            "widgetType": "text-editor",
                            "elType": "widget"
                        },
                        {
                            "id": "2fe28cb",
                            "settings": {
                                "text": "Divider",
                                "color": "#4F3DFE3B",
                                "__globals__": {
                                    "color": ""
                                }
                            },
                            "elements": [],
                            "isInner": false,
                            "widgetType": "divider",
                            "elType": "widget"
                        },
                        {
                            "id": "29039c75",
                            "settings": {
                                "editor": "<p>Written by :\u00a0<\/p>",
                                "_margin": {
                                    "unit": "px",
                                    "top": "0",
                                    "right": "10",
                                    "bottom": "0",
                                    "left": "0",
                                    "isLinked": false
                                },
                                "_element_width": "auto",
                                "__globals__": {
                                    "text_color": "globals\/colors?id=text",
                                    "typography_typography": "globals\/typography?id=text"
                                }
                            },
                            "elements": [],
                            "isInner": false,
                            "widgetType": "text-editor",
                            "elType": "widget"
                        },
                        {
                            "id": "4c04e9b8",
                            "settings": {
                                "_margin": {
                                    "unit": "px",
                                    "top": "2",
                                    "right": "0",
                                    "bottom": "0",
                                    "left": "0",
                                    "isLinked": false
                                },
                                "_element_width": "auto",
                                "__globals__": {
                                    "typography_typography": "globals\/typography?id=accent",
                                    "color": "globals\/colors?id=secondary"
                                },
                                "_margin_tablet": {
                                    "unit": "px",
                                    "top": "0",
                                    "right": "0",
                                    "bottom": "0",
                                    "left": "0",
                                    "isLinked": false
                                }
                            },
                            "elements": [],
                            "isInner": false,
                            "widgetType": "post-author",
                            "elType": "widget"
                        },
                        {
                            "id": "692137bb",
                            "settings": {
                                "_margin": {
                                    "unit": "px",
                                    "top": "100",
                                    "right": "0",
                                    "bottom": "0",
                                    "left": "0",
                                    "isLinked": false
                                },
                                "_margin_tablet": {
                                    "unit": "px",
                                    "top": "70",
                                    "right": "0",
                                    "bottom": "0",
                                    "left": "0",
                                    "isLinked": false
                                }
                            },
                            "elements": [],
                            "isInner": false,
                            "widgetType": "post-comments",
                            "elType": "widget"
                        }
                    ],
                    "isInner": false,
                    "elType": "column"
                },
                {
                    "id": "4182f65b",
                    "settings": {
                        "_column_size": 50,
                        "_inline_size": 35,
                        "animation": "fadeIn",
                        "animation_delay": 400,
                        "_inline_size_tablet": 100,
                        "padding_tablet": {
                            "unit": "px",
                            "top": "0",
                            "right": "0",
                            "bottom": "0",
                            "left": "0",
                            "isLinked": false
                        },
                        "padding_mobile": {
                            "unit": "px",
                            "top": "0",
                            "right": "0",
                            "bottom": "0",
                            "left": "0",
                            "isLinked": false
                        }
                    },
                    "elements": [
                        {
                            "id": "7c03846c",
                            "settings": {
                                "layout": "full_width",
                                "border_border": "solid",
                                "border_width": {
                                    "unit": "px",
                                    "top": "0",
                                    "right": "0",
                                    "bottom": "0",
                                    "left": "0",
                                    "isLinked": true
                                },
                                "margin": {
                                    "unit": "px",
                                    "top": "0",
                                    "right": 0,
                                    "bottom": "20",
                                    "left": 0,
                                    "isLinked": false
                                },
                                "padding": {
                                    "unit": "px",
                                    "top": "30",
                                    "right": "30",
                                    "bottom": "30",
                                    "left": "30",
                                    "isLinked": true
                                },
                                "__globals__": {
                                    "border_color": "",
                                    "background_color": "globals\/colors?id=accent",
                                    "background_overlay_color": "globals\/colors?id=primary"
                                },
                                "padding_mobile": {
                                    "unit": "px",
                                    "top": "20",
                                    "right": "20",
                                    "bottom": "20",
                                    "left": "20",
                                    "isLinked": true
                                },
                                "background_background": "classic",
                                "background_image": {
                                    "id": "",
                                    "url": "",
                                    "alt": "",
                                    "source": "library"
                                },
                                "background_position": "center center",
                                "background_size": "cover",
                                "background_overlay_opacity": {
                                    "unit": "px",
                                    "size": 0.8,
                                    "sizes": []
                                }
                            },
                            "elements": [
                                {
                                    "id": "450fb1f4",
                                    "settings": {
                                        "_column_size": 100,
                                        "_inline_size": null
                                    },
                                    "elements": [
                                        {
                                            "id": "4485f594",
                                            "settings": {
                                                "title": "About Me",
                                                "__globals__": {
                                                    "typography_typography": "globals\/typography?id=1e4840e",
                                                    "title_color": ""
                                                },
                                                "header_size": "h4",
                                                "title_color": "#4F3DFE"
                                            },
                                            "elements": [],
                                            "isInner": false,
                                            "widgetType": "heading",
                                            "elType": "widget"
                                        },
                                        {
                                            "id": "af22856",
                                            "settings": {
                                                "text": "Divider",
                                                "color": "#4F3DFE38",
                                                "_margin": {
                                                    "unit": "px",
                                                    "top": "-15",
                                                    "right": "0",
                                                    "bottom": "-10",
                                                    "left": "0",
                                                    "isLinked": false
                                                },
                                                "__globals__": {
                                                    "color": ""
                                                }
                                            },
                                            "elements": [],
                                            "isInner": false,
                                            "widgetType": "divider",
                                            "elType": "widget"
                                        },
                                        {
                                            "id": "7b198033",
                                            "settings": {
                                                "image": {
                                                    "url": "http:\/\/askproject.net\/arran\/wp-content\/uploads\/sites\/15\/2021\/08\/african-american-man-in-denim-jacket-smiling-on-or-5BLS75Z-1.png",
                                                    "id": 169,
                                                    "alt": "",
                                                    "source": "library"
                                                },
                                                "width": {
                                                    "unit": "%",
                                                    "size": 50,
                                                    "sizes": []
                                                },
                                                "width_tablet": {
                                                    "unit": "%",
                                                    "size": 37,
                                                    "sizes": []
                                                },
                                                "width_mobile": {
                                                    "unit": "%",
                                                    "size": 85,
                                                    "sizes": []
                                                },
                                                "css_filters_css_filter": "custom",
                                                "css_filters_saturate": {
                                                    "unit": "px",
                                                    "size": 0,
                                                    "sizes": []
                                                },
                                                "image_border_radius": {
                                                    "unit": "px",
                                                    "top": "1000",
                                                    "right": "1000",
                                                    "bottom": "1000",
                                                    "left": "1000",
                                                    "isLinked": true
                                                },
                                                "_background_background": "classic",
                                                "__globals__": {
                                                    "_background_color": ""
                                                }
                                            },
                                            "elements": [],
                                            "isInner": false,
                                            "widgetType": "image",
                                            "elType": "widget"
                                        },
                                        {
                                            "id": "4bb6b9a3",
                                            "settings": {
                                                "_margin": {
                                                    "unit": "px",
                                                    "top": "0",
                                                    "right": "0",
                                                    "bottom": "0",
                                                    "left": "0",
                                                    "isLinked": false
                                                },
                                                "text_color": "#84889D",
                                                "editor": "<p>Lorem ipsum dolor sit amet, consectetur adipiscing elit.<\/p>",
                                                "align": "center",
                                                "__globals__": {
                                                    "text_color": "",
                                                    "typography_typography": "globals\/typography?id=text"
                                                }
                                            },
                                            "elements": [],
                                            "isInner": false,
                                            "widgetType": "text-editor",
                                            "elType": "widget"
                                        },
                                        {
                                            "id": "6f4699bf",
                                            "settings": {
                                                "image": {
                                                    "url": "http:\/\/askproject.net\/arran\/wp-content\/uploads\/sites\/15\/2021\/08\/sign_Asset-5.png",
                                                    "id": 639,
                                                    "alt": "",
                                                    "source": "library"
                                                },
                                                "image_size": "full",
                                                "align": "center",
                                                "width": {
                                                    "unit": "%",
                                                    "size": 35,
                                                    "sizes": []
                                                },
                                                "width_tablet": {
                                                    "unit": "%",
                                                    "size": 24,
                                                    "sizes": []
                                                },
                                                "width_mobile": {
                                                    "unit": "%",
                                                    "size": 50,
                                                    "sizes": []
                                                }
                                            },
                                            "elements": [],
                                            "isInner": false,
                                            "widgetType": "image",
                                            "elType": "widget"
                                        }
                                    ],
                                    "isInner": true,
                                    "elType": "column"
                                }
                            ],
                            "isInner": true,
                            "elType": "section"
                        },
                        {
                            "id": "12324f2f",
                            "settings": {
                                "layout": "full_width",
                                "border_border": "solid",
                                "border_width": {
                                    "unit": "px",
                                    "top": "0",
                                    "right": "0",
                                    "bottom": "0",
                                    "left": "0",
                                    "isLinked": true
                                },
                                "margin": {
                                    "unit": "px",
                                    "top": "0",
                                    "right": 0,
                                    "bottom": "20",
                                    "left": 0,
                                    "isLinked": false
                                },
                                "padding": {
                                    "unit": "px",
                                    "top": "30",
                                    "right": "30",
                                    "bottom": "30",
                                    "left": "30",
                                    "isLinked": true
                                },
                                "__globals__": {
                                    "border_color": "globals\/colors?id=secondary",
                                    "background_color": "globals\/colors?id=accent"
                                },
                                "padding_mobile": {
                                    "unit": "px",
                                    "top": "20",
                                    "right": "20",
                                    "bottom": "20",
                                    "left": "20",
                                    "isLinked": true
                                },
                                "background_background": "classic"
                            },
                            "elements": [
                                {
                                    "id": "11218204",
                                    "settings": {
                                        "_column_size": 100,
                                        "_inline_size": null
                                    },
                                    "elements": [
                                        {
                                            "id": "683c7077",
                                            "settings": {
                                                "title": "Recent Post",
                                                "__globals__": {
                                                    "typography_typography": "globals\/typography?id=1e4840e",
                                                    "title_color": "globals\/colors?id=secondary"
                                                },
                                                "header_size": "h4"
                                            },
                                            "elements": [],
                                            "isInner": false,
                                            "widgetType": "heading",
                                            "elType": "widget"
                                        },
                                        {
                                            "id": "1eec1e2d",
                                            "settings": {
                                                "text": "Divider",
                                                "_margin": {
                                                    "unit": "px",
                                                    "top": "-15",
                                                    "right": "0",
                                                    "bottom": "-10",
                                                    "left": "0",
                                                    "isLinked": false
                                                },
                                                "__globals__": {
                                                    "color": ""
                                                },
                                                "color": "#4F3DFE38"
                                            },
                                            "elements": [],
                                            "isInner": false,
                                            "widgetType": "divider",
                                            "elType": "widget"
                                        },
                                        {
                                            "id": "6e7f6776",
                                            "settings": {
                                                "section_layout_options": "recent",
                                                "section_recent_post_limit": 3,
                                                "icon_list": [],
                                                "show_feature_image": "",
                                                "show_bg_feature_image": "yes",
                                                "show_feature_img_size_size": "full",
                                                "icons": {
                                                    "value": "icon icon-chevron-right",
                                                    "library": "ekiticons"
                                                },
                                                "show_post_meta": "",
                                                "list_padding": {
                                                    "unit": "px",
                                                    "top": "20",
                                                    "right": "20",
                                                    "bottom": "20",
                                                    "left": "20",
                                                    "isLinked": false
                                                },
                                                "divider_color": "#656565",
                                                "icon_vertical_alignment": "center",
                                                "icon_color": "#FFFFFF",
                                                "icon_color_hover": "#FFFFFF",
                                                "text_color": "#FFFFFF",
                                                "_margin": {
                                                    "unit": "px",
                                                    "top": "0",
                                                    "right": "0",
                                                    "bottom": "0",
                                                    "left": "0",
                                                    "isLinked": false
                                                },
                                                "__globals__": {
                                                    "icon_typography_typography": "globals\/typography?id=text"
                                                }
                                            },
                                            "elements": [],
                                            "isInner": false,
                                            "widgetType": "elementskit-post-list",
                                            "elType": "widget"
                                        }
                                    ],
                                    "isInner": true,
                                    "elType": "column"
                                }
                            ],
                            "isInner": true,
                            "elType": "section"
                        },
                        {
                            "id": "596d3912",
                            "settings": {
                                "layout": "full_width",
                                "border_border": "solid",
                                "border_width": {
                                    "unit": "px",
                                    "top": "0",
                                    "right": "0",
                                    "bottom": "0",
                                    "left": "0",
                                    "isLinked": true
                                },
                                "margin": {
                                    "unit": "px",
                                    "top": "0",
                                    "right": 0,
                                    "bottom": "20",
                                    "left": 0,
                                    "isLinked": false
                                },
                                "padding": {
                                    "unit": "px",
                                    "top": "30",
                                    "right": "30",
                                    "bottom": "30",
                                    "left": "30",
                                    "isLinked": true
                                },
                                "__globals__": {
                                    "border_color": "globals\/colors?id=secondary",
                                    "background_color": "globals\/colors?id=accent"
                                },
                                "padding_mobile": {
                                    "unit": "px",
                                    "top": "20",
                                    "right": "20",
                                    "bottom": "20",
                                    "left": "20",
                                    "isLinked": true
                                },
                                "background_background": "classic"
                            },
                            "elements": [
                                {
                                    "id": "12b187ef",
                                    "settings": {
                                        "_column_size": 100,
                                        "_inline_size": null
                                    },
                                    "elements": [
                                        {
                                            "id": "16724b8b",
                                            "settings": {
                                                "title": "Gallery",
                                                "__globals__": {
                                                    "typography_typography": "globals\/typography?id=1e4840e",
                                                    "title_color": "globals\/colors?id=secondary"
                                                },
                                                "header_size": "h4"
                                            },
                                            "elements": [],
                                            "isInner": false,
                                            "widgetType": "heading",
                                            "elType": "widget"
                                        },
                                        {
                                            "id": "5edb49d3",
                                            "settings": {
                                                "text": "Divider",
                                                "_margin": {
                                                    "unit": "px",
                                                    "top": "-15",
                                                    "right": "0",
                                                    "bottom": "-10",
                                                    "left": "0",
                                                    "isLinked": false
                                                },
                                                "__globals__": {
                                                    "color": ""
                                                },
                                                "color": "#4F3DFE38"
                                            },
                                            "elements": [],
                                            "isInner": false,
                                            "widgetType": "divider",
                                            "elType": "widget"
                                        },
                                        {
                                            "id": "59f70e4b",
                                            "settings": {
                                                "wp_gallery": [
                                                    {
                                                        "id": 625,
                                                        "url": "http:\/\/askproject.net\/arran\/wp-content\/uploads\/sites\/15\/2021\/08\/joshua-coleman-kFRKvJQtNHg-unsplash.jpg"
                                                    },
                                                    {
                                                        "id": 626,
                                                        "url": "http:\/\/askproject.net\/arran\/wp-content\/uploads\/sites\/15\/2021\/08\/hyaluronic-acid-bottle-on-purple-background-displa-N6UZDNP.jpg"
                                                    },
                                                    {
                                                        "id": 627,
                                                        "url": "http:\/\/askproject.net\/arran\/wp-content\/uploads\/sites\/15\/2021\/08\/minimal-background-for-cosmetic-branding-and-packa-Z52HTLD.jpg"
                                                    },
                                                    {
                                                        "id": 628,
                                                        "url": "http:\/\/askproject.net\/arran\/wp-content\/uploads\/sites\/15\/2021\/08\/new-purple-sneakers-and-smart-watch-on-colorful-ba-GTDEVP5.jpg"
                                                    }
                                                ],
                                                "thumbnail_size": "full",
                                                "gallery_columns": "2",
                                                "gallery_display_caption": "none"
                                            },
                                            "elements": [],
                                            "isInner": false,
                                            "widgetType": "image-gallery",
                                            "elType": "widget"
                                        }
                                    ],
                                    "isInner": true,
                                    "elType": "column"
                                }
                            ],
                            "isInner": true,
                            "elType": "section"
                        },
                        {
                            "id": "3bb7cb6c",
                            "settings": {
                                "layout": "full_width",
                                "border_border": "solid",
                                "border_width": {
                                    "unit": "px",
                                    "top": "0",
                                    "right": "0",
                                    "bottom": "0",
                                    "left": "0",
                                    "isLinked": true
                                },
                                "margin": {
                                    "unit": "px",
                                    "top": "0",
                                    "right": 0,
                                    "bottom": "20",
                                    "left": 0,
                                    "isLinked": false
                                },
                                "padding": {
                                    "unit": "px",
                                    "top": "30",
                                    "right": "30",
                                    "bottom": "30",
                                    "left": "30",
                                    "isLinked": true
                                },
                                "__globals__": {
                                    "border_color": "globals\/colors?id=secondary",
                                    "background_color": "globals\/colors?id=accent"
                                },
                                "padding_mobile": {
                                    "unit": "px",
                                    "top": "20",
                                    "right": "20",
                                    "bottom": "20",
                                    "left": "20",
                                    "isLinked": true
                                },
                                "background_background": "classic"
                            },
                            "elements": [
                                {
                                    "id": "37ab6237",
                                    "settings": {
                                        "_column_size": 100,
                                        "_inline_size": null,
                                        "margin": {
                                            "unit": "px",
                                            "top": "0",
                                            "right": "0",
                                            "bottom": "0",
                                            "left": "0",
                                            "isLinked": false
                                        }
                                    },
                                    "elements": [
                                        {
                                            "id": "1ae081a6",
                                            "settings": {
                                                "title": "Follow Me",
                                                "__globals__": {
                                                    "typography_typography": "globals\/typography?id=1e4840e",
                                                    "title_color": "globals\/colors?id=secondary"
                                                },
                                                "header_size": "h4"
                                            },
                                            "elements": [],
                                            "isInner": false,
                                            "widgetType": "heading",
                                            "elType": "widget"
                                        },
                                        {
                                            "id": "6d2f2de6",
                                            "settings": {
                                                "text": "Divider",
                                                "_margin": {
                                                    "unit": "px",
                                                    "top": "-15",
                                                    "right": "0",
                                                    "bottom": "-10",
                                                    "left": "0",
                                                    "isLinked": false
                                                },
                                                "__globals__": {
                                                    "color": ""
                                                },
                                                "color": "#4F3DFE38"
                                            },
                                            "elements": [],
                                            "isInner": false,
                                            "widgetType": "divider",
                                            "elType": "widget"
                                        },
                                        {
                                            "id": "1bd139fb",
                                            "settings": {
                                                "social_icon_list": [
                                                    {
                                                        "social_icon": {
                                                            "value": "fab fa-facebook",
                                                            "library": "fa-brands"
                                                        },
                                                        "_id": "71dd998"
                                                    },
                                                    {
                                                        "social_icon": {
                                                            "value": "fab fa-twitter",
                                                            "library": "fa-brands"
                                                        },
                                                        "_id": "7da5224"
                                                    },
                                                    {
                                                        "social_icon": {
                                                            "value": "fab fa-youtube",
                                                            "library": "fa-brands"
                                                        },
                                                        "_id": "1bfb9a2"
                                                    },
                                                    {
                                                        "_id": "5f0ed35",
                                                        "social_icon": {
                                                            "value": "fab fa-instagram",
                                                            "library": "fa-brands"
                                                        }
                                                    }
                                                ],
                                                "shape": "circle",
                                                "columns": "4",
                                                "icon_color": "custom",
                                                "icon_size": {
                                                    "unit": "px",
                                                    "size": 15,
                                                    "sizes": []
                                                },
                                                "icon_padding": {
                                                    "unit": "em",
                                                    "size": 0.9,
                                                    "sizes": []
                                                },
                                                "icon_spacing": {
                                                    "unit": "px",
                                                    "size": 15,
                                                    "sizes": []
                                                },
                                                "_margin": {
                                                    "unit": "px",
                                                    "top": "0",
                                                    "right": "0",
                                                    "bottom": "0",
                                                    "left": "0",
                                                    "isLinked": false
                                                },
                                                "columns_mobile": "4",
                                                "align_mobile": "left",
                                                "_margin_mobile": {
                                                    "unit": "px",
                                                    "top": "0",
                                                    "right": "0",
                                                    "bottom": "0",
                                                    "left": "0",
                                                    "isLinked": false
                                                },
                                                "__globals__": {
                                                    "icon_secondary_color": "globals\/colors?id=secondary",
                                                    "hover_secondary_color": "",
                                                    "icon_primary_color": "",
                                                    "image_border_color": "",
                                                    "hover_border_color": "globals\/colors?id=secondary",
                                                    "hover_primary_color": "globals\/colors?id=secondary"
                                                },
                                                "_animation_delay": 800,
                                                "hover_animation": "float",
                                                "hover_secondary_color": "#FFFFFF",
                                                "columns_tablet": "4",
                                                "align_tablet": "left",
                                                "row_gap_tablet": {
                                                    "unit": "px",
                                                    "size": 10,
                                                    "sizes": []
                                                },
                                                "icon_spacing_tablet": {
                                                    "unit": "px",
                                                    "size": 20,
                                                    "sizes": []
                                                },
                                                "icon_spacing_mobile": {
                                                    "unit": "px",
                                                    "size": 10,
                                                    "sizes": []
                                                },
                                                "icon_primary_color": "#FFFFFF00",
                                                "icon_secondary_color": "#4F3DFE",
                                                "image_border_border": "solid",
                                                "image_border_width": {
                                                    "unit": "px",
                                                    "top": "1",
                                                    "right": "1",
                                                    "bottom": "1",
                                                    "left": "1",
                                                    "isLinked": true
                                                },
                                                "align": "left",
                                                "image_border_color": "#4F3DFE4A",
                                                "hover_primary_color": "#4F3DFE"
                                            },
                                            "elements": [],
                                            "isInner": false,
                                            "widgetType": "social-icons",
                                            "elType": "widget"
                                        }
                                    ],
                                    "isInner": true,
                                    "elType": "column"
                                }
                            ],
                            "isInner": true,
                            "elType": "section"
                        }
                    ],
                    "isInner": false,
                    "elType": "column"
                }
            ],
            "isInner": false,
            "elType": "section"
        }
    ],
    "page_settings": {
        "hide_title": "yes",
        "template": "elementor_header_footer"
    }
}