{
    "version": "0.4",
    "title": "Single Portfolio",
    "type": "page",
    "metadata": {
        "template_type": "single-page",
        "include_in_zip": "1",
        "elementor_pro_required": null,
        "wp_page_template": "elementor_header_footer"
    },
    "content": [
        {
            "id": "2d29e810",
            "settings": {
                "content_width": {
                    "unit": "px",
                    "size": 1200,
                    "sizes": []
                },
                "background_background": "classic",
                "background_image": {
                    "url": "http:\/\/askproject.net\/arran\/wp-content\/uploads\/sites\/15\/2021\/08\/optimistic-man-smiling-on-isolated-background-cool-XKW4LTP.jpg",
                    "id": 778,
                    "alt": "",
                    "source": "library"
                },
                "background_position": "center center",
                "background_size": "cover",
                "background_overlay_background": "classic",
                "background_overlay_color_b": "#4F3DFE",
                "background_overlay_gradient_angle": {
                    "unit": "deg",
                    "size": 160,
                    "sizes": []
                },
                "background_overlay_image": {
                    "url": "http:\/\/askproject.net\/arran\/wp-content\/uploads\/sites\/15\/2021\/08\/page-hero-bg_5.jpg",
                    "id": 525,
                    "alt": "",
                    "source": "library"
                },
                "background_overlay_position": "bottom center",
                "background_overlay_size": "cover",
                "background_overlay_opacity": {
                    "unit": "px",
                    "size": 0.8,
                    "sizes": []
                },
                "padding": {
                    "unit": "px",
                    "top": "160",
                    "right": "0",
                    "bottom": "100",
                    "left": "0",
                    "isLinked": false
                },
                "__globals__": {
                    "background_overlay_color": "",
                    "background_overlay_color_b": ""
                },
                "padding_tablet": {
                    "unit": "px",
                    "top": "130",
                    "right": "0",
                    "bottom": "70",
                    "left": "0",
                    "isLinked": false
                },
                "padding_mobile": {
                    "unit": "px",
                    "top": "120",
                    "right": "0",
                    "bottom": "70",
                    "left": "0",
                    "isLinked": false
                }
            },
            "elements": [
                {
                    "id": "6dac787c",
                    "settings": {
                        "_column_size": 100,
                        "_inline_size": null
                    },
                    "elements": [
                        {
                            "id": "1362c56",
                            "settings": {
                                "title": "Single Portfolio",
                                "align": "center",
                                "__globals__": {
                                    "typography_typography": "globals\/typography?id=primary",
                                    "title_color": "globals\/colors?id=primary"
                                },
                                "_animation": "fadeInUp"
                            },
                            "elements": [],
                            "isInner": false,
                            "widgetType": "heading",
                            "elType": "widget"
                        }
                    ],
                    "isInner": false,
                    "elType": "column"
                }
            ],
            "isInner": false,
            "elType": "section"
        },
        {
            "id": "3a612276",
            "settings": {
                "content_width": {
                    "unit": "px",
                    "size": 1200,
                    "sizes": []
                },
                "padding": {
                    "unit": "px",
                    "top": "100",
                    "right": "0",
                    "bottom": "100",
                    "left": "0",
                    "isLinked": false
                },
                "margin_mobile": {
                    "unit": "px",
                    "top": "0",
                    "right": 0,
                    "bottom": "0",
                    "left": 0,
                    "isLinked": false
                },
                "padding_tablet": {
                    "unit": "px",
                    "top": "70",
                    "right": "30",
                    "bottom": "70",
                    "left": "30",
                    "isLinked": false
                },
                "padding_mobile": {
                    "unit": "px",
                    "top": "50",
                    "right": "20",
                    "bottom": "50",
                    "left": "20",
                    "isLinked": false
                }
            },
            "elements": [
                {
                    "id": "395b4897",
                    "settings": {
                        "_column_size": 100,
                        "_inline_size": null,
                        "content_position": "center",
                        "margin": {
                            "unit": "px",
                            "top": "0",
                            "right": "0",
                            "bottom": "0",
                            "left": "0",
                            "isLinked": false
                        },
                        "padding": {
                            "unit": "px",
                            "top": "0",
                            "right": "0",
                            "bottom": "0",
                            "left": "0",
                            "isLinked": false
                        },
                        "_inline_size_tablet": 100,
                        "margin_tablet": {
                            "unit": "px",
                            "top": "0",
                            "right": "0",
                            "bottom": "0",
                            "left": "0",
                            "isLinked": false
                        },
                        "margin_mobile": {
                            "unit": "px",
                            "top": "0",
                            "right": "0",
                            "bottom": "0",
                            "left": "0",
                            "isLinked": false
                        },
                        "padding_tablet": {
                            "unit": "px",
                            "top": "0",
                            "right": "0",
                            "bottom": "0",
                            "left": "0",
                            "isLinked": false
                        },
                        "padding_mobile": {
                            "unit": "px",
                            "top": "0",
                            "right": "0",
                            "bottom": "0",
                            "left": "0",
                            "isLinked": false
                        }
                    },
                    "elements": [
                        {
                            "id": "c17e9c9",
                            "settings": {
                                "layout": "full_width",
                                "structure": "20",
                                "margin": {
                                    "unit": "px",
                                    "top": "0",
                                    "right": 0,
                                    "bottom": "70",
                                    "left": 0,
                                    "isLinked": false
                                },
                                "padding": {
                                    "unit": "px",
                                    "top": "0",
                                    "right": "0",
                                    "bottom": "0",
                                    "left": "0",
                                    "isLinked": false
                                },
                                "animation": "fadeIn",
                                "margin_mobile": {
                                    "unit": "px",
                                    "top": "0",
                                    "right": 0,
                                    "bottom": "50",
                                    "left": 0,
                                    "isLinked": false
                                }
                            },
                            "elements": [
                                {
                                    "id": "26334523",
                                    "settings": {
                                        "_column_size": 50,
                                        "_inline_size": null,
                                        "content_position": "center",
                                        "padding": {
                                            "unit": "px",
                                            "top": "0",
                                            "right": "0",
                                            "bottom": "0",
                                            "left": "0",
                                            "isLinked": false
                                        },
                                        "margin": {
                                            "unit": "px",
                                            "top": "0",
                                            "right": "50",
                                            "bottom": "0",
                                            "left": "0",
                                            "isLinked": false
                                        },
                                        "margin_mobile": {
                                            "unit": "px",
                                            "top": "0",
                                            "right": "0",
                                            "bottom": "30",
                                            "left": "0",
                                            "isLinked": false
                                        }
                                    },
                                    "elements": [
                                        {
                                            "id": "35d5e769",
                                            "settings": {
                                                "ekit_heading_title": "Creative Product {{Branding}} and {{Design}}",
                                                "ekit_heading_sub_title": "Time has changed",
                                                "shadow_text_content": "bussiness",
                                                "ekit_heading_show_seperator": "",
                                                "ekit_heading_title_color": "#050408",
                                                "__globals__": {
                                                    "ekit_heading_title_color": "globals\/colors?id=primary",
                                                    "ekit_heading_focused_title_color": "globals\/colors?id=secondary",
                                                    "ekit_heading_title_typography_typography": "globals\/typography?id=primary",
                                                    "ekit_heading_focused_title_typography_typography": "globals\/typography?id=primary"
                                                },
                                                "_animation": "fadeInUp",
                                                "_margin": {
                                                    "unit": "px",
                                                    "top": "0",
                                                    "right": "0",
                                                    "bottom": "-25",
                                                    "left": "0",
                                                    "isLinked": false
                                                },
                                                "ekit_heading_title_align_mobile": "text_center"
                                            },
                                            "elements": [],
                                            "isInner": false,
                                            "widgetType": "elementskit-heading",
                                            "elType": "widget"
                                        }
                                    ],
                                    "isInner": true,
                                    "elType": "column"
                                },
                                {
                                    "id": "6703470b",
                                    "settings": {
                                        "_column_size": 50,
                                        "_inline_size": null,
                                        "content_position": "bottom",
                                        "border_border": "solid",
                                        "border_width": {
                                            "unit": "px",
                                            "top": "0",
                                            "right": "0",
                                            "bottom": "0",
                                            "left": "1",
                                            "isLinked": false
                                        },
                                        "border_color": "#FFFFFF30",
                                        "margin": {
                                            "unit": "px",
                                            "top": "0",
                                            "right": "0",
                                            "bottom": "0",
                                            "left": "0",
                                            "isLinked": false
                                        },
                                        "padding": {
                                            "unit": "px",
                                            "top": "0",
                                            "right": "0",
                                            "bottom": "0",
                                            "left": "50",
                                            "isLinked": false
                                        },
                                        "margin_mobile": {
                                            "unit": "px",
                                            "top": "0",
                                            "right": "0",
                                            "bottom": "0",
                                            "left": "0",
                                            "isLinked": false
                                        },
                                        "padding_mobile": {
                                            "unit": "px",
                                            "top": "0",
                                            "right": "0",
                                            "bottom": "0",
                                            "left": "0",
                                            "isLinked": false
                                        },
                                        "animation": "fadeInUp",
                                        "animation_delay": 200
                                    },
                                    "elements": [
                                        {
                                            "id": "7916ccaf",
                                            "settings": {
                                                "editor": "<p>Lorem ipsum dolor sit amet, consectetur adipiscing elit. Praesent rhoncus lectus nisi, volutpat volutpat ex euismod sit amet. Aenean mollis pharetra mauris, id egestas enim vulputate vel.\u00a0<\/p>",
                                                "__globals__": {
                                                    "text_color": "globals\/colors?id=text",
                                                    "typography_typography": "globals\/typography?id=text"
                                                },
                                                "_margin": {
                                                    "unit": "px",
                                                    "top": "0",
                                                    "right": "0",
                                                    "bottom": "-15",
                                                    "left": "0",
                                                    "isLinked": false
                                                },
                                                "_margin_mobile": {
                                                    "unit": "px",
                                                    "top": "0",
                                                    "right": "0",
                                                    "bottom": "-15",
                                                    "left": "0",
                                                    "isLinked": false
                                                },
                                                "align_mobile": "center"
                                            },
                                            "elements": [],
                                            "isInner": false,
                                            "widgetType": "text-editor",
                                            "elType": "widget"
                                        }
                                    ],
                                    "isInner": true,
                                    "elType": "column"
                                }
                            ],
                            "isInner": true,
                            "elType": "section"
                        },
                        {
                            "id": "32bb8def",
                            "settings": {
                                "carousel": [
                                    {
                                        "id": 354,
                                        "url": "http:\/\/askproject.net\/arran\/wp-content\/uploads\/sites\/15\/2021\/08\/modern-gadget-for-hipster-technology-youth-style-f-8P4THF3.jpg"
                                    },
                                    {
                                        "id": 353,
                                        "url": "http:\/\/askproject.net\/arran\/wp-content\/uploads\/sites\/15\/2021\/08\/a-trending-plant-species-in-cyberspace-with-the-te-2UDCC69.jpg"
                                    },
                                    {
                                        "id": 352,
                                        "url": "http:\/\/askproject.net\/arran\/wp-content\/uploads\/sites\/15\/2021\/08\/curology-RKwaj2g6OOU-unsplash.jpg"
                                    }
                                ],
                                "thumbnail_size": "2048x2048",
                                "slides_to_show": "1",
                                "navigation": "none",
                                "_margin_tablet": {
                                    "unit": "px",
                                    "top": "0",
                                    "right": "0",
                                    "bottom": "30",
                                    "left": "0",
                                    "isLinked": false
                                },
                                "pause_on_hover": "no",
                                "pause_on_interaction": "no",
                                "autoplay_speed": 3000,
                                "_margin_mobile": {
                                    "unit": "px",
                                    "top": "0",
                                    "right": "0",
                                    "bottom": "30",
                                    "left": "0",
                                    "isLinked": false
                                },
                                "_animation": "fadeInUp",
                                "_animation_delay": 400
                            },
                            "elements": [],
                            "isInner": false,
                            "widgetType": "image-carousel",
                            "elType": "widget"
                        },
                        {
                            "id": "45e0e6ad",
                            "settings": {
                                "layout": "full_width",
                                "content_width": {
                                    "unit": "px",
                                    "size": 1320,
                                    "sizes": []
                                },
                                "structure": "20",
                                "margin_tablet": {
                                    "unit": "px",
                                    "top": "0",
                                    "right": 0,
                                    "bottom": "0",
                                    "left": 0,
                                    "isLinked": false
                                },
                                "padding": {
                                    "unit": "px",
                                    "top": "20",
                                    "right": "0",
                                    "bottom": "0",
                                    "left": "0",
                                    "isLinked": false
                                },
                                "padding_tablet": {
                                    "unit": "px",
                                    "top": "0",
                                    "right": "0",
                                    "bottom": "0",
                                    "left": "0",
                                    "isLinked": false
                                }
                            },
                            "elements": [
                                {
                                    "id": "77ad6a2b",
                                    "settings": {
                                        "_column_size": 50,
                                        "_inline_size": 83.925,
                                        "margin": {
                                            "unit": "px",
                                            "top": "0",
                                            "right": "50",
                                            "bottom": "0",
                                            "left": "0",
                                            "isLinked": false
                                        },
                                        "margin_mobile": {
                                            "unit": "px",
                                            "top": "0",
                                            "right": "0",
                                            "bottom": "20",
                                            "left": "0",
                                            "isLinked": false
                                        },
                                        "_inline_size_tablet": 74,
                                        "padding": {
                                            "unit": "px",
                                            "top": "0",
                                            "right": "0",
                                            "bottom": "0",
                                            "left": "0",
                                            "isLinked": false
                                        },
                                        "animation": "fadeInUp"
                                    },
                                    "elements": [
                                        {
                                            "id": "580b2fb9",
                                            "settings": {
                                                "title": "Project Brief",
                                                "__globals__": {
                                                    "typography_typography": "globals\/typography?id=1e4840e",
                                                    "title_color": "globals\/colors?id=primary"
                                                },
                                                "header_size": "h3"
                                            },
                                            "elements": [],
                                            "isInner": false,
                                            "widgetType": "heading",
                                            "elType": "widget"
                                        },
                                        {
                                            "id": "ff4085a",
                                            "settings": {
                                                "editor": "<p>Lorem ipsum dolor sit amet, consectetur adipiscing elit. Donec viverra nec dolor nec elementum. Aliquam ut est urna. Etiam maximus sodales venenatis. Duis tellus velit, congue a nibh vitae, maximus aliquam sapien. Donec efficitur odio purus, et condimentum orci scelerisque quis. Curabitur sagittis eget sem non ultricies. Duis ut sodales quam, hendrerit dictum massa.\u00a0<\/p><p>Aliquam lorem orci, condimentum vitae bibendum ut, aliquam ac elit. Nam eu placerat metus. Ut diam risus, tempor eu aliquam malesuada, vehicula congue arcu. Sed nulla tellus, bibendum nec molestie et, mattis sed diam.<\/p>",
                                                "__globals__": {
                                                    "text_color": "globals\/colors?id=text",
                                                    "typography_typography": "globals\/typography?id=text"
                                                }
                                            },
                                            "elements": [],
                                            "isInner": false,
                                            "widgetType": "text-editor",
                                            "elType": "widget"
                                        }
                                    ],
                                    "isInner": true,
                                    "elType": "column"
                                },
                                {
                                    "id": "18e2d9e1",
                                    "settings": {
                                        "_column_size": 50,
                                        "_inline_size": 16.075,
                                        "_inline_size_tablet": 26,
                                        "padding": {
                                            "unit": "px",
                                            "top": "0",
                                            "right": "0",
                                            "bottom": "0",
                                            "left": "0",
                                            "isLinked": false
                                        },
                                        "animation": "fadeInUp",
                                        "animation_delay": 200
                                    },
                                    "elements": [
                                        {
                                            "id": "4536180c",
                                            "settings": {
                                                "title": "Project Info",
                                                "__globals__": {
                                                    "typography_typography": "globals\/typography?id=1e4840e",
                                                    "title_color": "globals\/colors?id=primary"
                                                },
                                                "header_size": "h3"
                                            },
                                            "elements": [],
                                            "isInner": false,
                                            "widgetType": "heading",
                                            "elType": "widget"
                                        },
                                        {
                                            "id": "3176620f",
                                            "settings": {
                                                "editor": "<p><b>Designer :<\/b> Arran<\/p><p><b>Client :<\/b> Startup<\/p><p><b>Date :<\/b> August 17, 2021<\/p><p><b>Category :<\/b> Branding<\/p>",
                                                "__globals__": {
                                                    "typography_typography": "globals\/typography?id=text",
                                                    "text_color": "globals\/colors?id=secondary"
                                                }
                                            },
                                            "elements": [],
                                            "isInner": false,
                                            "widgetType": "text-editor",
                                            "elType": "widget"
                                        }
                                    ],
                                    "isInner": true,
                                    "elType": "column"
                                }
                            ],
                            "isInner": true,
                            "elType": "section"
                        }
                    ],
                    "isInner": false,
                    "elType": "column"
                }
            ],
            "isInner": false,
            "elType": "section"
        }
    ],
    "page_settings": {
        "hide_title": "yes",
        "template": "elementor_header_footer"
    }
}